0,1,2,3,4,5,6,7
0.7725672092749026,-0.6372958537081092,-1.4375118363335764,0.660653157953786,0.0,0.0,0.0,4.0
-0.6385091744568195,-0.7059197402818991,1.1127888642475687,-1.302254707998643,1.0,1.0,3.0,1.0
-0.5102295032084811,-1.064248103060769,1.4528289576583882,0.9877265017551158,1.0,0.0,0.0,1.0
-1.151627859450173,1.5911096351377807,1.2828089109529786,-1.416171587517483,1.0,0.0,0.0,1.0
-1.4081872019468498,0.3999318287283983,1.1127888642475687,-1.0083432025957175,1.0,0.0,0.0,5.0
1.285685894268256,0.5121298439311343,0.26268863072052034,1.3085409669577495,0.0,1.0,4.0,2.0
-0.31780999633597357,-0.5253937518603861,0.43270867742593006,0.21358293566729566,1.0,0.0,0.0,5.0
-1.6647465444435265,1.4502084980941705,0.7727487708367494,-0.5603273641010639,1.0,1.0,2.0,4.0
0.6442875380265642,-1.6997860618377834,-0.587411602806528,0.7957227702343675,1.0,0.0,3.0,1.0
-0.5743693388326503,-0.8987388723084315,0.09266858401511067,1.66520848619514,0.0,1.0,3.0,3.0
-0.9592083525776655,0.07127708331115325,1.2828089109529786,0.8493800578950584,0.0,0.0,2.0,3.0
-0.5102295032084811,-0.5459836526721091,1.4528289576583882,-0.7210790155448152,1.0,0.0,1.0,0.0
-1.0233481882018347,-0.8458330070430501,-1.7775519297443958,-0.7222087415019852,0.0,1.0,1.0,2.0
-1.6647465444435265,-0.8087752026477489,0.43270867742593006,-1.5894645967672527,1.0,1.0,4.0,2.0
-0.6385091744568195,1.3305925893917814,0.7727487708367494,-0.6707518789475274,1.0,0.0,3.0,3.0
-1.4081872019468498,-0.4022179274380133,-1.4375118363335764,-1.0625517579516621,0.0,0.0,4.0,1.0
0.7725672092749026,-0.40679620968893476,1.1127888642475687,-1.1854252394803853,1.0,0.0,0.0,0.0
-1.4081872019468498,1.5257927460991878,1.1127888642475687,0.6307038624789468,0.0,1.0,2.0,1.0
0.06702901740904156,-1.6429894984451228,1.4528289576583882,-1.0800577057534966,1.0,1.0,4.0,3.0
-1.3440473663226806,-0.0826912998015992,-0.4173915561011184,0.05627683501401122,1.0,1.0,0.0,1.0
-1.4081872019468498,-1.398811892366034,-0.07735146269029901,0.6908328291026831,0.0,0.0,0.0,3.0
0.45186803115405666,-1.339055586185901,1.4528289576583882,-1.3500160141113293,1.0,1.0,3.0,5.0
1.3498257298924252,-1.4907752055951307,-0.07735146269029901,-0.7629923266420845,0.0,1.0,2.0,0.0
-0.6385091744568195,1.6200952099016426,-0.07735146269029901,-0.14090808647218758,1.0,0.0,2.0,2.0
1.0291265517715793,0.08298731819819695,-0.587411602806528,0.39330271438521325,1.0,1.0,0.0,5.0
-1.0874880238260038,0.4427137069273269,-0.24737150939570868,1.1453514338911235,1.0,1.0,0.0,2.0
0.3235883599057183,0.5526349110661805,1.4528289576583882,-0.1968140015046987,0.0,0.0,4.0,3.0
-1.0233481882018347,0.16988442517121474,1.2828089109529786,-0.6310504873030713,0.0,0.0,3.0,4.0
0.45186803115405666,-1.4928787697034276,-0.07735146269029901,1.0269865479887867,1.0,0.0,1.0,5.0
-0.5102295032084811,0.8738224368806327,0.9427688175421591,-1.1114977329848994,1.0,0.0,2.0,3.0
1.285685894268256,-0.7877337707454277,-1.7775519297443958,1.4898224564401896,1.0,0.0,2.0,5.0
-1.4081872019468498,-1.331443997386076,0.7727487708367494,-0.35634552108486506,0.0,0.0,0.0,3.0
1.606385072389102,-1.3856690616595355,0.7727487708367494,1.4980578113638054,0.0,0.0,1.0,0.0
-0.061250653839296815,1.5945411643481433,-0.9274516962173475,0.4396069415080814,0.0,0.0,4.0,4.0
0.3235883599057183,0.2968174500914748,1.2828089109529786,-0.5434372555811625,0.0,1.0,0.0,2.0
-0.9592083525776655,1.591299868410439,-0.4173915561011184,-1.2787474204451381,1.0,1.0,0.0,2.0
-1.6006067088193572,-1.6077990672024258,-1.6075318830389862,-0.9531663794116472,1.0,0.0,3.0,5.0
-0.7026490100809887,0.9708043947930199,1.6228490043637978,1.1342122470426586,1.0,0.0,1.0,4.0
0.7084273736507334,0.49697762171512216,-0.07735146269029901,0.6801968017862445,1.0,0.0,3.0,0.0
0.45186803115405666,0.009793912880107095,0.26268863072052034,-0.030798031827189227,0.0,0.0,4.0,4.0
-0.6385091744568195,1.6223017127274089,-1.4375118363335764,1.1930083829800642,1.0,0.0,4.0,3.0
0.13116885303321074,-0.9048137119016157,1.4528289576583882,1.7092570849806956,0.0,1.0,0.0,0.0
-0.44608966758431196,0.46374771388742114,1.2828089109529786,-0.24714516239631948,0.0,0.0,2.0,5.0
-0.125390489463466,-1.121187421152742,1.1127888642475687,1.7237565100434469,0.0,0.0,3.0,3.0
1.285685894268256,-1.6485489418906105,-1.0974717429227572,0.9595103826227236,0.0,0.0,0.0,0.0
0.002889181784872371,0.9953219718555277,1.2828089109529786,-0.4606207274873094,1.0,0.0,2.0,2.0
0.002889181784872371,1.2394865740147831,1.1127888642475687,0.18587790546300584,0.0,1.0,1.0,4.0
1.3498257298924252,-0.47074958088749497,0.26268863072052034,0.6362205786643129,1.0,0.0,1.0,1.0
-1.6647465444435265,0.2771769584301271,-0.9274516962173475,-0.0003702934696600339,1.0,1.0,0.0,2.0
0.900846880523241,-1.68833124057961,-0.587411602806528,-1.3790951546166321,0.0,0.0,3.0,1.0
-1.4081872019468498,0.07855006784351824,-1.4375118363335764,-0.3601570828937482,0.0,0.0,1.0,2.0
0.7725672092749026,0.8190260424619024,-1.6075318830389862,0.249588827431959,1.0,1.0,1.0,5.0
1.221546058644087,0.8447802319685,0.26268863072052034,0.7777549780918854,0.0,0.0,4.0,4.0
0.580147702402395,0.2997623746120778,-1.4375118363335764,0.032063399315107655,1.0,1.0,3.0,0.0
-1.2157676950743421,0.32263006249134013,-0.9274516962173475,0.40578141166709963,1.0,0.0,1.0,0.0
1.4139655655165944,-0.49457707449852556,0.09266858401511067,-1.7592904118777033,1.0,1.0,1.0,5.0
-0.8309286813293271,-0.8917085587894225,0.43270867742593006,0.11543957203678573,0.0,0.0,4.0,1.0
1.0932663873957484,-1.0030609153608154,-1.2674917896281668,0.9972632124753856,1.0,1.0,3.0,2.0
-0.9592083525776655,-0.4470378806013842,0.9427688175421591,1.5699087485376593,1.0,0.0,4.0,3.0
-0.125390489463466,-1.5321751398569676,1.4528289576583882,1.264854222632701,1.0,0.0,1.0,0.0
-0.38194983196014276,-0.9467315417417747,-0.4173915561011184,1.0853152810854996,0.0,0.0,3.0,0.0
-0.25367016071180437,0.07582318372430988,0.7727487708367494,1.177934208242828,0.0,1.0,0.0,1.0
0.06702901740904156,-0.3477077813836465,1.4528289576583882,-0.441146431545635,0.0,1.0,4.0,3.0
0.45186803115405666,-0.9444787225803984,-1.6075318830389862,-0.07617226778381936,0.0,1.0,0.0,1.0
1.0932663873957484,-0.04029188539954745,-0.4173915561011184,-0.6340577813697522,1.0,1.0,3.0,3.0
0.06702901740904156,1.6674398680618947,-1.4375118363335764,1.29449596864409,1.0,0.0,4.0,3.0
0.9649867161474102,-1.6053384934094563,-1.0974717429227572,0.8390400014476385,0.0,0.0,3.0,2.0
0.3235883599057183,0.06647608642829388,-1.2674917896281668,-1.1679569902886193,0.0,0.0,4.0,0.0
1.285685894268256,1.2456610802144394,0.7727487708367494,0.7634788495565294,0.0,0.0,2.0,0.0
-1.151627859450173,-0.695732419777284,0.7727487708367494,1.2884533443092665,0.0,0.0,2.0,1.0
-0.31780999633597357,0.18066358291554308,-1.2674917896281668,1.5382504679480224,1.0,0.0,2.0,1.0
0.5160078667782259,-0.7275320308374115,-1.0974717429227572,-1.5148074021811149,0.0,1.0,1.0,2.0
-1.6647465444435265,-1.3308731662024365,-1.0974717429227572,1.1964546291004243,1.0,0.0,1.0,1.0
-0.6385091744568195,-0.0030946764968359354,0.9427688175421591,-0.05634601658364127,0.0,1.0,1.0,0.0
1.4139655655165944,-0.014046422995265135,0.26268863072052034,1.3527387020981756,0.0,0.0,1.0,0.0
-1.151627859450173,0.6090637014629113,1.4528289576583882,0.5294394373482842,0.0,1.0,1.0,1.0
1.0291265517715793,0.27827022851543304,0.9427688175421591,0.6768235382680567,1.0,1.0,2.0,4.0
-1.4081872019468498,1.276359330489901,-0.7574316495119378,0.7808431382787486,0.0,0.0,1.0,5.0
-0.18953032508763518,-1.5038297043326518,-1.4375118363335764,-1.0222665792334655,0.0,0.0,2.0,5.0
-0.7667888457051578,-0.7035856470533562,0.7727487708367494,0.32330479011009755,1.0,1.0,1.0,5.0
-0.5102295032084811,-0.26348467255228675,1.2828089109529786,-0.6768411383156533,1.0,0.0,2.0,3.0
-0.25367016071180437,-0.7610795289687269,-1.4375118363335764,-0.6927930201168861,1.0,0.0,3.0,1.0
-1.2799075306985113,0.35993699370185356,0.09266858401511067,0.39814422578398506,0.0,0.0,2.0,5.0
-0.18953032508763518,0.48558860811707394,-0.7574316495119378,-1.7167483733939288,1.0,1.0,2.0,5.0
1.4139655655165944,-1.106778285294083,-1.2674917896281668,1.239999245104047,0.0,0.0,2.0,3.0
-1.4081872019468498,-0.8944998277195246,-1.0974717429227572,0.8974743672959746,1.0,0.0,1.0,0.0
0.7725672092749026,-0.31105181096227674,-1.4375118363335764,-1.1964094747642033,1.0,0.0,4.0,0.0
0.580147702402395,1.0688714955078422,-0.9274516962173475,1.0963000389866362,0.0,0.0,4.0,4.0
-1.6006067088193572,-1.6464732603991532,1.4528289576583882,-0.25672046569142015,1.0,0.0,2.0,5.0
0.38772819552988746,-1.613703897261602,-1.2674917896281668,1.4961919997189073,1.0,0.0,3.0,5.0
-1.536466873195188,1.193371679675757,0.09266858401511067,1.5158548930084328,0.0,0.0,2.0,0.0
0.580147702402395,1.3311422012862282,-1.0974717429227572,-1.1688184860636663,0.0,0.0,2.0,4.0
0.900846880523241,0.7209447997577169,-0.4173915561011184,0.7872568714998536,1.0,0.0,1.0,5.0
1.4781054011407637,-1.7016758208822989,-1.2674917896281668,1.0398588331579774,1.0,0.0,1.0,4.0
1.0291265517715793,1.472627337728867,0.09266858401511067,0.021021634503477882,0.0,0.0,3.0,4.0
1.606385072389102,1.1136633988455094,-1.4375118363335764,0.2279584697641029,0.0,1.0,4.0,5.0
1.5422452367649329,1.424632393036934,-1.0974717429227572,0.5750673076553433,1.0,0.0,2.0,3.0
-1.0233481882018347,0.8066336122442783,1.6228490043637978,-1.5983688054330707,0.0,0.0,1.0,2.0
-0.38194983196014276,-1.6408383656120096,0.26268863072052034,1.2275621453881276,1.0,0.0,3.0,5.0
-1.4081872019468498,0.8731925570514248,1.2828089109529786,0.6930393917034279,1.0,1.0,4.0,1.0
0.19530868865737994,1.032730550601149,-0.7574316495119378,0.3349317375745106,0.0,0.0,0.0,0.0
-1.2799075306985113,1.5133758098746368,-0.4173915561011184,-0.6972621536125002,0.0,1.0,4.0,3.0
-1.0874880238260038,-1.3681165118829688,-0.4173915561011184,-0.052562875803421366,0.0,1.0,1.0,1.0
-0.7667888457051578,-0.12530526849728185,-0.24737150939570868,0.6038338885871708,0.0,0.0,2.0,2.0
0.002889181784872371,-0.4443937684922344,-0.24737150939570868,0.1771584779681382,0.0,1.0,0.0,2.0
-1.151627859450173,0.004557814760007096,-0.587411602806528,1.0175840373950245,1.0,0.0,4.0,1.0
0.3235883599057183,1.6306091052178457,-0.587411602806528,-1.4148249473056775,0.0,0.0,4.0,4.0
-1.2157676950743421,-0.24868497055481725,1.6228490043637978,-1.6963415004714415,0.0,1.0,2.0,0.0
-0.125390489463466,-1.033357799219829,-0.9274516962173475,-1.2910133115859976,0.0,1.0,0.0,0.0
0.580147702402395,0.6268371157154676,0.09266858401511067,-0.7503474243367145,0.0,1.0,3.0,4.0
0.7084273736507334,-0.45231960445339087,1.6228490043637978,0.2955495564332522,1.0,0.0,1.0,1.0
0.6442875380265642,-1.454434844985731,-0.07735146269029901,-1.5065529247413096,1.0,1.0,1.0,4.0
-0.9592083525776655,-1.6884992160208727,0.6027287241313397,0.8605235103567347,0.0,0.0,2.0,4.0
-0.8309286813293271,-0.6758148386243037,-0.4173915561011184,0.8012497019336057,0.0,0.0,3.0,3.0
1.1574062230199178,0.05241224112697871,-0.7574316495119378,1.6485990129506791,1.0,1.0,2.0,1.0
1.4139655655165944,0.7198437202312205,-1.4375118363335764,-0.2202339949916324,1.0,0.0,2.0,5.0
1.3498257298924252,-1.5559255490733894,1.2828089109529786,-1.4518008671792852,1.0,0.0,3.0,4.0
1.606385072389102,-1.1577602889440852,0.9427688175421591,0.404484292513137,1.0,1.0,3.0,5.0
-0.9592083525776655,1.134549115921141,-0.587411602806528,1.484845804651293,0.0,0.0,4.0,3.0
1.1574062230199178,-0.386216005692157,0.9427688175421591,0.48115538051143325,0.0,0.0,0.0,5.0
-1.2799075306985113,1.72955514204867,-0.4173915561011184,-1.7421856028832958,1.0,0.0,2.0,0.0
-0.7667888457051578,0.7713156582378605,-0.9274516962173475,1.4353237607329306,0.0,1.0,0.0,2.0
-0.061250653839296815,0.7807665451510883,0.26268863072052034,-0.8694361998798279,0.0,0.0,0.0,2.0
-1.6006067088193572,-0.42520672629834627,0.6027287241313397,-1.5955982324813305,1.0,0.0,0.0,3.0
-1.3440473663226806,-0.05777800733823958,-0.9274516962173475,0.7684461986593469,1.0,0.0,1.0,0.0
-1.536466873195188,-0.3066681770534512,-0.9274516962173475,-1.7312928553586464,1.0,0.0,4.0,1.0
-0.25367016071180437,1.0019016108519392,0.09266858401511067,0.3982988031514108,1.0,1.0,4.0,0.0
0.06702901740904156,1.197877544975658,-1.6075318830389862,0.621696613399598,1.0,0.0,2.0,3.0
-0.5743693388326503,-0.3897935073849546,-1.0974717429227572,0.5621170505164597,1.0,1.0,4.0,2.0
1.4139655655165944,0.15982563930962396,-0.587411602806528,1.1830434598910269,1.0,0.0,2.0,5.0
-1.2799075306985113,-0.41211495826160166,0.9427688175421591,-1.1895609402011111,1.0,0.0,4.0,2.0
0.7084273736507334,0.44239986120208047,0.6027287241313397,0.4964397618301009,0.0,1.0,2.0,5.0
-1.2799075306985113,1.354132413361374,0.43270867742593006,-1.4234256951443611,0.0,0.0,1.0,3.0
1.5422452367649329,1.2455179071611018,-0.587411602806528,-0.684125455385077,1.0,1.0,3.0,2.0
-1.151627859450173,0.5089010196240431,1.1127888642475687,-1.1165620468416355,0.0,1.0,1.0,3.0
-0.5743693388326503,0.817731364269471,0.43270867742593006,-0.5340119356814479,0.0,1.0,1.0,0.0
-1.4081872019468498,0.8060651830735598,0.9427688175421591,0.41894019691419476,1.0,0.0,3.0,0.0
1.0932663873957484,1.6285388999870885,0.43270867742593006,-0.8185313963018949,0.0,1.0,4.0,3.0
-0.9592083525776655,0.8427907639167017,-1.4375118363335764,1.5327308459708826,1.0,1.0,1.0,3.0
-1.0874880238260038,0.1623150299832808,1.6228490043637978,1.2290413619614766,0.0,0.0,2.0,5.0
0.7725672092749026,1.6906451359115957,0.9427688175421591,1.629171359020868,0.0,0.0,1.0,2.0
-0.8950685169534962,-1.6695652479978782,0.26268863072052034,0.9145127827870196,0.0,1.0,2.0,3.0
1.6705249080132711,-0.4496237602684965,-1.4375118363335764,0.9587960579792557,1.0,0.0,0.0,2.0
-1.151627859450173,-0.1866507070786306,-1.6075318830389862,-0.21364422635748975,0.0,1.0,2.0,1.0
-1.6647465444435265,0.044683155377472916,0.09266858401511067,0.2617671298397278,0.0,1.0,1.0,0.0
-1.2799075306985113,-1.302804484079405,0.09266858401511067,-1.6534042170183818,0.0,0.0,1.0,2.0
-0.18953032508763518,-1.1738799463156475,1.6228490043637978,0.992597950089635,0.0,0.0,1.0,1.0
-1.3440473663226806,-1.2408968792342094,1.1127888642475687,1.478293343741022,1.0,0.0,4.0,5.0
-0.8309286813293271,0.28694952630711706,0.26268863072052034,1.594428672238759,0.0,1.0,0.0,2.0
0.3235883599057183,-0.8287726851546181,1.6228490043637978,1.2964995263158885,0.0,0.0,2.0,1.0
1.6705249080132711,-1.174042364741797,-1.2674917896281668,1.1934446528756868,1.0,0.0,3.0,5.0
1.1574062230199178,1.6900975123307185,-0.9274516962173475,-0.6491602240347023,0.0,1.0,0.0,4.0
0.900846880523241,1.7189250314898799,-0.07735146269029901,1.3672617861903198,0.0,1.0,1.0,2.0
1.285685894268256,-1.663390826659868,-1.2674917896281668,1.6361049084530792,0.0,0.0,3.0,3.0
0.6442875380265642,0.23454670425369986,-1.4375118363335764,-0.8316510331569141,0.0,0.0,2.0,2.0
1.285685894268256,0.8462685621647825,-0.4173915561011184,1.1671325872563358,1.0,1.0,3.0,3.0
0.06702901740904156,1.0187984592980526,0.9427688175421591,0.43388205539633184,0.0,0.0,1.0,5.0
0.19530868865737994,-0.6118371551141808,0.26268863072052034,-1.3262957157209878,1.0,1.0,4.0,4.0
1.221546058644087,-0.8626853534814881,-1.6075318830389862,0.38695257004752126,1.0,0.0,4.0,3.0
-0.5102295032084811,-1.1270905204167785,-0.24737150939570868,-1.0015425286292199,0.0,0.0,1.0,2.0
-1.2157676950743421,0.24969477536858423,-1.7775519297443958,-1.2618867340221198,1.0,1.0,2.0,1.0
1.4781054011407637,1.3736037415477411,1.6228490043637978,-1.1756188247841148,1.0,1.0,2.0,4.0
-0.6385091744568195,-0.7367387514683605,1.6228490043637978,1.385470035847595,1.0,0.0,2.0,4.0
1.285685894268256,-0.5633518988470654,1.2828089109529786,-0.42932235858923534,1.0,1.0,1.0,4.0
-1.151627859450173,1.0269531180892801,0.09266858401511067,-0.8795521635761482,0.0,0.0,0.0,5.0
0.5160078667782259,-1.5352310831979121,1.6228490043637978,-0.8268686713212464,0.0,0.0,4.0,4.0
-0.5102295032084811,-1.5269712937275401,-1.0974717429227572,-0.7318536641548207,1.0,0.0,4.0,2.0
1.5422452367649329,-1.4906027782361237,0.43270867742593006,0.33312047267099915,0.0,1.0,1.0,2.0
-0.25367016071180437,0.3808587345889099,0.7727487708367494,-0.010902565530393232,1.0,1.0,4.0,1.0
0.900846880523241,0.3836955331558893,1.2828089109529786,0.6457737540348765,1.0,0.0,0.0,0.0
1.0291265517715793,-1.5131448776903789,1.2828089109529786,-1.1988873450259876,0.0,0.0,0.0,2.0
-1.0874880238260038,-1.3740598922963962,-0.9274516962173475,-0.5092370696807129,0.0,0.0,3.0,5.0
-1.6647465444435265,-0.10022701494634642,0.26268863072052034,1.4253229936597211,1.0,0.0,3.0,4.0
-1.536466873195188,-0.8266572807062746,0.26268863072052034,0.3281281866439212,0.0,0.0,1.0,3.0
0.6442875380265642,0.16641180470532904,-1.2674917896281668,1.2268902191267905,1.0,1.0,1.0,0.0
-0.38194983196014276,1.2696706110330922,0.6027287241313397,0.6866897901848479,0.0,0.0,0.0,4.0
-0.44608966758431196,-0.326879210158068,-1.4375118363335764,-1.2263932536757258,1.0,0.0,2.0,4.0
1.5422452367649329,-1.148665430774239,1.4528289576583882,-0.9626218571223341,0.0,0.0,3.0,3.0
1.285685894268256,0.7447755026661707,-0.24737150939570868,-0.8681494566387274,0.0,1.0,4.0,4.0
-0.8309286813293271,0.32535200779332585,0.7727487708367494,0.35883019242952197,0.0,0.0,4.0,1.0
0.6442875380265642,0.7967656382120013,-0.24737150939570868,-0.7952788733934201,0.0,1.0,2.0,5.0
-0.9592083525776655,-0.8975908962411222,0.9427688175421591,0.27951511516490823,1.0,0.0,1.0,0.0
-0.7026490100809887,-0.13440710794337993,-1.0974717429227572,0.34454919337317774,0.0,1.0,4.0,2.0
-0.7667888457051578,1.0724142906704146,-0.9274516962173475,0.9846445623510889,0.0,0.0,4.0,0.0
1.0932663873957484,0.01755024121534979,-0.24737150939570868,-0.14284455555796952,1.0,0.0,1.0,3.0
-1.0233481882018347,-0.790178707445691,1.1127888642475687,0.1794868584952355,0.0,1.0,1.0,0.0
0.19530868865737994,-1.1540451109467575,0.26268863072052034,1.4617074686763794,1.0,0.0,4.0,1.0
1.1574062230199178,-1.4839088934022986,0.6027287241313397,0.49500424266284876,0.0,0.0,1.0,5.0
-1.6006067088193572,0.7677595640858781,0.9427688175421591,-0.4420051010403391,0.0,0.0,2.0,1.0
-0.9592083525776655,1.1609234168936533,0.26268863072052034,0.669880594272788,1.0,0.0,0.0,4.0
-0.18953032508763518,-0.8308077345191643,0.7727487708367494,-1.2239091792729706,1.0,1.0,4.0,3.0
1.0932663873957484,-1.3640527366212187,-0.7574316495119378,-0.18713905431038325,1.0,0.0,0.0,2.0
-0.7667888457051578,-0.13188778876098148,-0.7574316495119378,-0.4224479518117713,0.0,1.0,3.0,3.0
1.5422452367649329,-1.6795088277444534,-0.07735146269029901,-0.19686214245620148,0.0,1.0,1.0,1.0
1.0932663873957484,1.0766927362849992,0.43270867742593006,-0.41449281843714486,1.0,0.0,4.0,5.0
-1.2157676950743421,-1.1779265122701719,1.2828089109529786,-1.5884725317656956,0.0,0.0,3.0,4.0
-0.5102295032084811,0.08299891783364277,0.6027287241313397,0.3804187071057933,0.0,0.0,1.0,1.0
0.5160078667782259,-1.4987954424041128,0.9427688175421591,0.9840512962469797,0.0,0.0,3.0,5.0
1.6705249080132711,0.0471061208968927,-1.4375118363335764,-0.22721737206219408,1.0,1.0,1.0,2.0
-1.2157676950743421,-0.033845195457055714,0.6027287241313397,-0.2376113571675349,0.0,1.0,1.0,5.0
-1.3440473663226806,0.032468161144921015,0.43270867742593006,-1.2334368093217032,0.0,0.0,2.0,2.0
-1.536466873195188,0.933778125852162,0.26268863072052034,1.2941534941110295,0.0,1.0,4.0,2.0
-0.31780999633597357,1.1113776844310534,1.4528289576583882,-0.6040208649238537,0.0,0.0,2.0,3.0
-1.536466873195188,-0.4376949608709559,1.4528289576583882,-1.0391982227284593,0.0,0.0,2.0,2.0
1.1574062230199178,-0.03249887677578257,-1.7775519297443958,0.6349079531799079,0.0,0.0,4.0,4.0
0.38772819552988746,-1.2605013113331611,0.43270867742593006,-0.1573232699693623,0.0,0.0,2.0,2.0
0.002889181784872371,-0.9384939552748384,-0.9274516962173475,-1.050493857423482,0.0,0.0,4.0,5.0
1.4781054011407637,0.6778931935311818,-0.4173915561011184,0.03938087819661418,0.0,0.0,3.0,5.0
1.5422452367649329,0.5308015698704112,-0.4173915561011184,0.6704051927358954,0.0,0.0,0.0,0.0
0.8367070448990718,1.6727212944762,-0.9274516962173475,0.6363344182025336,0.0,0.0,3.0,1.0
-0.25367016071180437,1.6015888092863504,1.2828089109529786,0.4270495481872441,1.0,1.0,0.0,4.0
0.7725672092749026,0.594698257991086,0.43270867742593006,1.6266649127096162,1.0,1.0,1.0,0.0
0.002889181784872371,1.3601639314481277,-1.2674917896281668,-1.0132181607248583,0.0,0.0,0.0,3.0
0.900846880523241,0.028754519463292428,1.2828089109529786,-0.2076634288487421,0.0,1.0,3.0,1.0
-1.6647465444435265,-1.3641511502619266,-0.24737150939570868,-0.9678806010263151,0.0,0.0,1.0,3.0
-1.472327037571019,0.817851092413828,1.1127888642475687,0.7040632441991945,1.0,0.0,4.0,0.0
-0.5743693388326503,0.5870910108510753,-0.4173915561011184,1.4009599116442495,0.0,1.0,4.0,1.0
0.45186803115405666,0.1312081675022255,-0.4173915561011184,-1.3998381261939006,0.0,1.0,1.0,4.0
0.7084273736507334,-0.21073103861071105,-1.2674917896281668,0.029982143955122803,1.0,0.0,4.0,0.0
1.285685894268256,-0.5647514792890119,1.6228490043637978,-0.317801242060534,0.0,0.0,4.0,4.0
-1.3440473663226806,0.10369523426891462,1.1127888642475687,1.59513915821803,0.0,1.0,2.0,4.0
1.285685894268256,0.4243283741529894,1.6228490043637978,0.8458763420438626,1.0,0.0,1.0,2.0
-0.6385091744568195,0.4837390141347573,0.26268863072052034,1.5630093096589905,1.0,1.0,3.0,5.0
0.38772819552988746,-0.8888544152891971,0.09266858401511067,0.536431268044529,0.0,0.0,0.0,0.0
1.606385072389102,-0.8346489389947673,-0.9274516962173475,0.954739158779091,1.0,0.0,3.0,0.0
0.06702901740904156,-1.4357041908094246,0.9427688175421591,1.4479512679851463,0.0,0.0,2.0,2.0
-0.6385091744568195,0.2769016990013663,0.6027287241313397,-1.3783841262827385,1.0,0.0,4.0,3.0
-1.0233481882018347,-1.5301131555088476,0.09266858401511067,0.8911340065457384,0.0,1.0,1.0,0.0
1.606385072389102,-1.5294284466958132,-0.7574316495119378,0.5031622802377351,0.0,0.0,1.0,5.0
0.25944852428154913,1.187439214858974,-0.587411602806528,0.7251486529888654,1.0,0.0,3.0,5.0
-1.2799075306985113,1.4209742921475348,1.4528289576583882,0.9020067154019487,1.0,0.0,3.0,4.0
-1.4081872019468498,0.9885885919206003,-1.4375118363335764,-1.3787340926273903,0.0,0.0,3.0,5.0
-0.7026490100809887,-0.8286400387445013,-0.07735146269029901,-1.3429459293964296,1.0,0.0,3.0,1.0
0.3235883599057183,-0.872658011643362,-0.24737150939570868,-0.17794789693527283,0.0,0.0,1.0,3.0
0.900846880523241,1.3047630954252816,-0.9274516962173475,1.6623712726154445,1.0,0.0,3.0,3.0
1.4139655655165944,-1.25551168914735,0.6027287241313397,-0.783299028732222,1.0,0.0,4.0,2.0
0.25944852428154913,0.14994895590552795,1.6228490043637978,0.7939967790098323,1.0,0.0,4.0,5.0
1.285685894268256,0.1706423006730363,-0.587411602806528,-1.515161764869406,0.0,1.0,0.0,5.0
-0.061250653839296815,-0.9802617312347698,-0.9274516962173475,-0.08682873352430037,0.0,1.0,2.0,0.0
-0.31780999633597357,1.4938993010730215,0.43270867742593006,1.331093000256701,1.0,0.0,2.0,5.0
-1.4081872019468498,-1.2630443017342714,-1.4375118363335764,-1.0532321801001436,0.0,0.0,1.0,3.0
-1.0874880238260038,-0.7866447089475104,-0.07735146269029901,-0.841917097409696,1.0,0.0,2.0,0.0
-0.5743693388326503,1.2840344402530246,0.43270867742593006,0.7595136471305148,0.0,1.0,0.0,5.0
0.06702901740904156,-1.0263807298739211,0.09266858401511067,0.9177178630913239,0.0,0.0,4.0,2.0
-0.18953032508763518,-1.5285676268499595,0.6027287241313397,-1.3745824934252788,1.0,0.0,4.0,2.0
0.8367070448990718,-1.4224435398142123,-0.587411602806528,-1.5189831285435362,1.0,0.0,3.0,1.0
0.38772819552988746,1.373725255085611,-1.2674917896281668,0.32758433382782687,0.0,0.0,1.0,1.0
0.38772819552988746,1.4219975215647571,-0.24737150939570868,1.3690906829769756,0.0,0.0,2.0,1.0
-0.8309286813293271,-1.308428019317283,1.6228490043637978,-1.0012740798887048,0.0,1.0,1.0,0.0
0.6442875380265642,-0.09598277413598273,-0.7574316495119378,-0.8609510175176269,1.0,0.0,0.0,3.0
-0.8950685169534962,1.2506763827189598,-1.6075318830389862,-1.3433803110771378,1.0,0.0,4.0,0.0
-1.151627859450173,-1.4799017940364094,-0.07735146269029901,-1.004093501952314,1.0,0.0,3.0,2.0
1.285685894268256,-0.2606987118895684,-1.4375118363335764,1.1080496405441167,1.0,1.0,3.0,2.0
1.285685894268256,-1.236256588269891,1.1127888642475687,-1.4632204797859727,0.0,1.0,3.0,1.0
-0.061250653839296815,-0.22804101315277228,-0.07735146269029901,0.5182877808413529,0.0,0.0,1.0,1.0
-1.0874880238260038,-0.16461815619303966,1.1127888642475687,0.5747894051798016,1.0,0.0,4.0,1.0
-1.472327037571019,-0.42790922284271565,1.1127888642475687,0.11488214684705841,1.0,1.0,2.0,4.0
0.19530868865737994,0.2807223513664844,1.4528289576583882,-0.18261569861202037,0.0,0.0,0.0,5.0
-1.6006067088193572,1.633075821343999,-0.07735146269029901,0.39942924493505716,0.0,0.0,0.0,0.0
-0.061250653839296815,-0.7999192921893237,0.09266858401511067,0.8387447238948775,1.0,0.0,3.0,3.0
-1.6006067088193572,-1.4935079124955988,1.4528289576583882,1.110741928571391,1.0,0.0,3.0,4.0
0.7084273736507334,-0.2817872469779742,0.26268863072052034,-1.410152533450609,0.0,0.0,1.0,5.0
0.7725672092749026,-1.481197173786518,0.9427688175421591,0.8285135789404442,0.0,0.0,4.0,2.0
1.6705249080132711,-1.4517448396238837,0.9427688175421591,-1.7701074172462685,1.0,1.0,4.0,5.0
-0.38194983196014276,-0.5821171871608042,1.4528289576583882,-1.313757682765233,0.0,0.0,0.0,5.0
1.1574062230199178,-0.5992288197120056,-0.4173915561011184,-1.1536516471902531,1.0,0.0,0.0,0.0
0.38772819552988746,-0.01829343803502858,-1.4375118363335764,0.7873941136910431,0.0,0.0,2.0,2.0
0.19530868865737994,-0.8576241921316088,0.43270867742593006,-1.159887079727348,0.0,1.0,0.0,5.0
1.6705249080132711,0.8339320885129118,-0.24737150939570868,-0.7110150610904558,0.0,0.0,2.0,3.0
-0.125390489463466,1.0283684348651378,-0.7574316495119378,1.086568390026246,1.0,0.0,0.0,1.0
1.285685894268256,-1.3266787986850939,-0.587411602806528,-1.1017009362578172,0.0,0.0,4.0,5.0
0.38772819552988746,-1.6679855569712747,0.43270867742593006,-0.27920493865537077,1.0,1.0,4.0,0.0
0.38772819552988746,0.08668964598234477,1.4528289576583882,0.6311905287188715,0.0,0.0,3.0,4.0
-1.0233481882018347,-1.4764334189935375,1.2828089109529786,-0.377454476068234,0.0,0.0,4.0,3.0
-0.125390489463466,-0.27176300922355595,1.4528289576583882,-1.5576921210370152,0.0,1.0,4.0,1.0
0.5160078667782259,1.3081310145683511,0.7727487708367494,0.7745297079855519,1.0,1.0,4.0,2.0
0.13116885303321074,1.3157287211644073,0.6027287241313397,-0.38044557976691884,1.0,1.0,2.0,1.0
-0.44608966758431196,-0.9727774602614342,0.6027287241313397,0.5739820273843168,0.0,1.0,1.0,3.0
0.7084273736507334,0.8310736786204245,-0.07735146269029901,-1.3896803742321888,0.0,0.0,4.0,4.0
-1.151627859450173,-0.8448624953224485,0.6027287241313397,1.0551634274957904,1.0,1.0,1.0,3.0
1.4139655655165944,-0.20323961720613226,-1.2674917896281668,1.1949786512668987,1.0,1.0,4.0,2.0
1.285685894268256,0.1430044615303024,-1.0974717429227572,-1.265241954575977,1.0,0.0,4.0,4.0
-0.7667888457051578,-0.9792270078054495,0.9427688175421591,1.0821640367136482,1.0,1.0,0.0,2.0
-1.2799075306985113,1.5542011029411689,1.4528289576583882,0.8652259099288957,1.0,1.0,4.0,4.0
1.606385072389102,-1.5503266706136791,0.6027287241313397,0.07343419897943507,0.0,1.0,1.0,4.0
-0.061250653839296815,1.637813453248424,-1.6075318830389862,-1.5347573929244673,0.0,0.0,2.0,4.0
-1.0874880238260038,1.1540409327651717,0.09266858401511067,0.03770355485884802,1.0,1.0,2.0,0.0
-0.31780999633597357,1.1289477689376946,0.9427688175421591,0.6592764334531485,1.0,1.0,3.0,4.0
0.6442875380265642,0.9636500118805041,0.7727487708367494,-0.05282005013906522,0.0,1.0,4.0,1.0
1.4139655655165944,1.1475170563671706,0.6027287241313397,-0.2865520693310679,0.0,0.0,4.0,5.0
-0.31780999633597357,-0.4587667253278015,1.4528289576583882,-0.2468298955984517,1.0,0.0,1.0,3.0
-0.9592083525776655,0.7528091748173388,1.6228490043637978,1.334301856579247,0.0,0.0,4.0,4.0
1.0932663873957484,0.6533768062363482,0.43270867742593006,-1.5797377059074962,0.0,1.0,2.0,4.0
1.606385072389102,-0.21123598859645937,-1.0974717429227572,0.11500301444314544,1.0,0.0,2.0,1.0
1.4139655655165944,0.3528780690398374,1.1127888642475687,1.4031158247742095,0.0,0.0,1.0,2.0
0.7084273736507334,-1.0416246521101125,-1.2674917896281668,0.7243124106589137,0.0,0.0,2.0,1.0
1.606385072389102,-1.5172373582329914,1.2828089109529786,-1.5836785080061173,1.0,0.0,4.0,0.0
0.6442875380265642,-0.4509063828172282,1.1127888642475687,1.684245555450175,0.0,0.0,3.0,1.0
-1.536466873195188,-0.03660022478375633,-1.4375118363335764,-0.8889730282563738,0.0,1.0,4.0,0.0
-1.0233481882018347,0.6887631277115033,-0.7574316495119378,0.7034916029640648,1.0,0.0,1.0,4.0
1.1574062230199178,-0.6878996468394368,-1.2674917896281668,-0.11838080514370615,0.0,1.0,3.0,3.0
1.3498257298924252,0.4341561773192829,1.1127888642475687,1.5417003127407216,0.0,1.0,1.0,4.0
1.1574062230199178,0.6298169340326145,1.2828089109529786,-1.2255711215951268,0.0,0.0,3.0,2.0
-1.2157676950743421,-0.12558354440311445,1.6228490043637978,-0.7316283352130046,0.0,0.0,3.0,1.0
-1.0874880238260038,-1.7254867840564345,-1.4375118363335764,0.25032078985338835,0.0,0.0,0.0,5.0
0.580147702402395,-0.45153729766325446,1.1127888642475687,0.06522237477625033,1.0,0.0,0.0,5.0
-1.2157676950743421,-0.5227752489508232,-0.7574316495119378,0.4454798032696993,1.0,0.0,1.0,4.0
-1.472327037571019,0.070865846999776,-1.0974717429227572,0.14816755318053304,0.0,1.0,4.0,4.0
-0.5743693388326503,-0.12141638441717911,0.26268863072052034,0.592966568464034,0.0,0.0,2.0,0.0
0.5160078667782259,0.7312539631068293,0.09266858401511067,1.0247832617754213,0.0,1.0,4.0,3.0
0.3235883599057183,0.9013863558280643,1.4528289576583882,-1.3778422688474115,0.0,1.0,4.0,5.0
0.8367070448990718,0.7457883536839931,-0.4173915561011184,-0.7695277497081534,1.0,1.0,0.0,0.0
1.606385072389102,-0.011730522580002564,-0.24737150939570868,1.0307938042516562,0.0,1.0,4.0,2.0
-0.31780999633597357,-0.36563418072797355,1.4528289576583882,-0.12055282679237554,1.0,0.0,3.0,1.0
-0.061250653839296815,0.05140022130611205,0.6027287241313397,0.5515196409401042,0.0,0.0,4.0,2.0
-1.536466873195188,-0.30591406140481986,1.4528289576583882,1.5998338753514567,0.0,1.0,3.0,5.0
0.06702901740904156,1.6293226515121442,0.43270867742593006,0.7764930075304693,0.0,0.0,4.0,2.0
1.0932663873957484,0.798107353554745,0.26268863072052034,-0.0010252887209609186,1.0,0.0,1.0,0.0
0.13116885303321074,0.5249018959020172,-0.4173915561011184,-0.14146472910003752,1.0,1.0,4.0,4.0
-0.44608966758431196,-0.8890107512529496,-1.7775519297443958,0.2205944864986952,0.0,1.0,1.0,3.0
-0.18953032508763518,-0.003909474549467604,0.7727487708367494,-1.681655043690012,0.0,0.0,0.0,3.0
0.8367070448990718,-1.1250565018087122,0.09266858401511067,-1.203603352783664,0.0,0.0,0.0,3.0
0.38772819552988746,0.21937592123285926,-1.7775519297443958,-1.5623153082872476,0.0,0.0,4.0,2.0
-0.5102295032084811,0.4289910555156599,-0.24737150939570868,-0.5156768865153719,1.0,0.0,1.0,5.0
1.1574062230199178,0.9437183349098539,-1.0974717429227572,-0.05461090670153095,1.0,0.0,3.0,5.0
-1.472327037571019,0.9339560485010021,0.6027287241313397,0.7940056295488602,0.0,1.0,0.0,4.0
0.06702901740904156,-0.07214023044710605,0.6027287241313397,-1.7012259145779305,1.0,0.0,0.0,5.0
1.1574062230199178,-0.13327786143750872,0.9427688175421591,-0.6610408936252781,1.0,0.0,4.0,2.0
-0.7026490100809887,-1.5631708812838445,1.4528289576583882,-1.0749742420428232,1.0,0.0,3.0,5.0
-0.061250653839296815,-0.39327353750461974,1.4528289576583882,1.4550741664872677,1.0,1.0,2.0,4.0
-0.9592083525776655,0.32363918837658956,-0.7574316495119378,1.0559798322874163,0.0,0.0,0.0,5.0
-0.7667888457051578,1.3384516361479926,-0.587411602806528,-0.8498936711545071,0.0,0.0,1.0,2.0
-0.8950685169534962,-0.7700887026510014,1.4528289576583882,-0.34079576974537595,0.0,0.0,1.0,4.0
0.9649867161474102,1.2135835517617748,-0.07735146269029901,-0.2935939964915001,0.0,0.0,4.0,3.0
1.0932663873957484,-0.2395772905583132,-0.4173915561011184,-0.9291639010333417,1.0,1.0,4.0,4.0
-0.8309286813293271,-0.05806579037835696,-1.6075318830389862,0.2906553068711575,1.0,1.0,0.0,1.0
-0.061250653839296815,-1.5830670431112075,1.6228490043637978,1.5919875154954635,1.0,1.0,4.0,4.0
0.7725672092749026,-0.9633193299387963,1.1127888642475687,-1.2422136970650897,1.0,0.0,1.0,3.0
1.1574062230199178,0.23561884557396948,-1.7775519297443958,-0.2758356706270725,1.0,0.0,0.0,3.0
-1.536466873195188,1.322500413246907,-0.07735146269029901,0.04129985070080983,1.0,0.0,3.0,4.0
0.13116885303321074,-0.7921701060427402,-0.9274516962173475,0.8574615241686455,0.0,1.0,4.0,1.0
-0.31780999633597357,0.5924283335299266,-0.24737150939570868,0.7949330927947361,1.0,0.0,0.0,1.0
1.221546058644087,1.6823610598601957,1.2828089109529786,1.2164570282094402,1.0,0.0,2.0,4.0
-1.6647465444435265,-1.2337761892026906,-0.9274516962173475,-0.4252984539023975,1.0,0.0,3.0,5.0
0.13116885303321074,-1.3113078284511823,-1.7775519297443958,-0.3273739082612409,1.0,0.0,1.0,0.0
1.5422452367649329,-0.11704492124938706,0.6027287241313397,-0.7088087461642978,0.0,0.0,2.0,3.0
-1.2157676950743421,-0.2252687693251191,-0.07735146269029901,-0.7112163994873738,1.0,0.0,0.0,0.0
0.6442875380265642,-0.6459431066605257,-0.7574316495119378,0.7387714909700497,1.0,0.0,4.0,4.0
-0.8950685169534962,0.06907753120367288,0.26268863072052034,-1.4498081639317781,0.0,0.0,3.0,4.0
0.06702901740904156,0.5042437590198641,-0.9274516962173475,-0.20625145025323732,0.0,0.0,3.0,4.0
1.285685894268256,1.2269171177897216,1.2828089109529786,0.5737139590386523,0.0,0.0,2.0,3.0
0.5160078667782259,1.5527873253139826,0.7727487708367494,-1.107919717235887,1.0,1.0,1.0,5.0
-1.4081872019468498,0.04761503552652863,1.6228490043637978,1.3459027068020846,1.0,0.0,2.0,3.0
1.6705249080132711,-0.6687352215366175,-1.4375118363335764,0.9287576372428866,1.0,0.0,0.0,4.0
-1.3440473663226806,1.5516030549932482,0.26268863072052034,-0.32700283028030624,0.0,0.0,2.0,2.0
-0.31780999633597357,1.3946016608816447,-1.2674917896281668,-1.0985591631471443,1.0,0.0,3.0,5.0
-1.4081872019468498,0.7829786355721643,-1.4375118363335764,-0.734049537109297,1.0,0.0,0.0,1.0
1.5422452367649329,0.717418368231148,-0.24737150939570868,0.41701154186183526,1.0,0.0,2.0,2.0
0.002889181784872371,0.029760258980337326,-0.24737150939570868,-0.5972742161906465,1.0,0.0,0.0,3.0
0.9649867161474102,0.05090684032845974,-0.7574316495119378,-1.615310099763999,1.0,0.0,1.0,2.0
-0.7026490100809887,-0.13702824991117907,-1.2674917896281668,-0.23957167197124646,0.0,0.0,0.0,5.0
1.3498257298924252,1.060999105108224,0.9427688175421591,-0.5499458065470735,0.0,0.0,2.0,5.0
-0.9592083525776655,-1.6898969100005916,-1.2674917896281668,0.1697393208135985,1.0,0.0,0.0,2.0
0.7725672092749026,-0.6734802029237236,0.7727487708367494,-1.1856465488288683,1.0,1.0,2.0,3.0
0.19530868865737994,-0.9469553109774018,0.43270867742593006,-1.7669199513331426,1.0,0.0,4.0,4.0
-0.31780999633597357,-0.6215866494461753,0.09266858401511067,1.147599750315719,0.0,1.0,3.0,1.0
-0.125390489463466,0.4155587521332726,-0.587411602806528,1.4461417151943279,1.0,1.0,3.0,3.0
0.6442875380265642,-1.5079972267675765,-1.2674917896281668,0.9702968096110987,0.0,1.0,1.0,4.0
1.221546058644087,1.2256211033414215,-1.6075318830389862,-1.4203785070917612,1.0,1.0,0.0,4.0
0.9649867161474102,-0.40750324296069923,0.6027287241313397,1.601575636028907,0.0,0.0,4.0,0.0
-0.44608966758431196,-1.266366359702618,-0.07735146269029901,0.2447527212309531,1.0,0.0,3.0,5.0
0.6442875380265642,0.8690160513087315,-1.2674917896281668,-0.7114058363692728,1.0,1.0,2.0,4.0
0.45186803115405666,-1.513383825255644,0.43270867742593006,-0.2388913685980538,0.0,0.0,3.0,1.0
-0.9592083525776655,-1.24648344511425,0.6027287241313397,1.111490485951992,1.0,1.0,3.0,4.0
1.5422452367649329,0.019124770563281,-0.9274516962173475,-0.20833411841031266,0.0,0.0,4.0,5.0
-0.9592083525776655,-1.5630207127204776,-0.07735146269029901,-1.0105665086037114,1.0,1.0,0.0,1.0
-1.6006067088193572,0.5536835259267326,0.6027287241313397,0.20694662989406612,1.0,0.0,3.0,5.0
-0.38194983196014276,-1.449173645160054,-1.0974717429227572,1.7183123247457854,1.0,0.0,4.0,3.0
-1.472327037571019,-0.09187999119298795,0.09266858401511067,-1.4449253789137584,0.0,0.0,4.0,2.0
-1.2799075306985113,-0.20861904953672147,0.7727487708367494,0.5330563611828258,1.0,0.0,2.0,0.0
-0.25367016071180437,-1.2914610984102637,-0.4173915561011184,1.0420814298008467,1.0,0.0,1.0,5.0
0.19530868865737994,-1.113511433604269,-0.587411602806528,-0.8190413405248879,0.0,1.0,0.0,2.0
0.38772819552988746,-0.8577449557742439,0.43270867742593006,-0.3360662842761876,0.0,1.0,0.0,4.0
-0.38194983196014276,1.5940948830237638,1.1127888642475687,0.18766636644309867,0.0,0.0,1.0,4.0
0.580147702402395,1.6918076231722408,-0.07735146269029901,-0.520921344054684,1.0,0.0,3.0,0.0
-0.8309286813293271,-0.9849020962201398,-0.9274516962173475,0.5874554537895271,1.0,1.0,3.0,2.0
1.6705249080132711,0.929413291763601,-1.0974717429227572,0.853767331163411,0.0,0.0,3.0,5.0
-0.5102295032084811,1.5998760045757934,1.4528289576583882,0.0008101960540095888,1.0,0.0,2.0,4.0
-0.7667888457051578,-0.6531634778727434,1.2828089109529786,-1.4111094618021143,0.0,1.0,3.0,3.0
-0.44608966758431196,0.45900336591292373,0.9427688175421591,-0.8122702270535047,0.0,0.0,3.0,1.0
0.38772819552988746,-1.6229478189581605,0.09266858401511067,-0.5108396541007381,1.0,0.0,2.0,5.0
-0.8309286813293271,-0.8279204849726672,-0.24737150939570868,-1.7220910595920302,1.0,0.0,4.0,0.0
-0.7026490100809887,-1.6780574641989678,-0.24737150939570868,0.4659624408270121,0.0,1.0,1.0,2.0
1.5422452367649329,-0.8721536820331365,-1.4375118363335764,1.666340092372244,0.0,0.0,0.0,3.0
1.606385072389102,1.3230020912567555,-1.7775519297443958,-0.2515799947516481,1.0,0.0,1.0,4.0
-0.7026490100809887,-1.3762287039558043,0.43270867742593006,0.5260789003574674,1.0,0.0,4.0,1.0
-0.25367016071180437,0.9033295322955546,-0.24737150939570868,0.7407355571983851,1.0,1.0,3.0,5.0
1.5422452367649329,-0.7751865896983571,0.7727487708367494,-0.5244006790254198,0.0,0.0,3.0,5.0
-0.125390489463466,-0.35861520919166806,-0.24737150939570868,-1.5123929298685352,0.0,0.0,4.0,0.0
-1.2157676950743421,-1.0787897228347103,-1.0974717429227572,-1.4265009692406223,0.0,1.0,3.0,1.0
-1.2799075306985113,-0.5687793140616982,-0.9274516962173475,0.9010494013584832,1.0,1.0,3.0,3.0
-0.5102295032084811,1.2388708065641494,0.9427688175421591,1.1303918174228929,1.0,0.0,3.0,1.0
-0.25367016071180437,1.6327581387144834,0.7727487708367494,-0.7843463269445387,0.0,0.0,4.0,3.0
1.285685894268256,-0.5467386004327729,0.26268863072052034,-0.6773221124304066,0.0,0.0,0.0,5.0
0.9649867161474102,1.1301821456142023,1.4528289576583882,0.7687477914602213,1.0,1.0,4.0,2.0
1.221546058644087,-0.34275876653093734,-0.07735146269029901,0.7461512369928984,0.0,0.0,2.0,1.0
-1.536466873195188,1.1389280371382076,1.6228490043637978,-0.02956760705967354,0.0,0.0,1.0,3.0
1.4139655655165944,0.8811731041973123,-0.07735146269029901,-1.179925238315518,1.0,0.0,0.0,4.0
-0.061250653839296815,-0.7302195297139797,-0.07735146269029901,0.6038555551532654,0.0,0.0,4.0,0.0
0.8367070448990718,0.8826870447016427,-0.07735146269029901,-0.003758655919686119,1.0,0.0,0.0,4.0
-0.5743693388326503,0.3392688703338691,0.6027287241313397,0.5391037418275207,1.0,0.0,2.0,1.0
0.25944852428154913,1.4604240751384592,-0.4173915561011184,-1.466483357104241,1.0,0.0,0.0,5.0
-0.9592083525776655,1.7293915942652014,1.6228490043637978,-1.6316098287802268,0.0,0.0,4.0,3.0
1.3498257298924252,0.2865841695878045,1.4528289576583882,-0.7107298025666597,0.0,1.0,2.0,3.0
-0.061250653839296815,1.2547193054970993,0.7727487708367494,-0.16087319992380134,1.0,0.0,4.0,2.0
0.38772819552988746,0.4145747906854536,-1.7775519297443958,-0.37418680698669254,0.0,0.0,1.0,3.0
-1.6647465444435265,-1.0279976341079906,1.4528289576583882,0.09846822552704182,0.0,0.0,0.0,5.0
0.5160078667782259,0.8386833229775703,-1.7775519297443958,-0.5696348714860996,1.0,1.0,4.0,3.0
-0.5743693388326503,1.1317438149995183,-0.7574316495119378,0.8124469472945275,1.0,0.0,4.0,3.0
-1.3440473663226806,-0.12273818640793588,0.9427688175421591,-0.7333151645401398,0.0,1.0,3.0,5.0
-0.7667888457051578,-0.8891688274026646,-1.0974717429227572,0.110936889905654,1.0,0.0,4.0,4.0
-0.125390489463466,0.6627355499948006,-1.6075318830389862,-1.535620464545789,0.0,0.0,2.0,4.0
1.0291265517715793,-0.8078023675164678,0.6027287241313397,-0.7667627944736574,0.0,0.0,2.0,4.0
-1.6006067088193572,-1.3427707341319999,0.43270867742593006,0.5176643620318714,0.0,1.0,1.0,2.0
-0.44608966758431196,1.2951599580444912,0.6027287241313397,-0.8825843335738172,0.0,0.0,4.0,2.0
-0.25367016071180437,-1.2980566214258684,1.6228490043637978,1.1127352012559364,1.0,0.0,0.0,2.0
0.06702901740904156,-1.0304446339732822,-0.24737150939570868,-0.21640297056501692,1.0,0.0,2.0,0.0
1.5422452367649329,1.3404600428551936,-1.2674917896281668,-1.5186424592862444,0.0,0.0,0.0,3.0
-1.2799075306985113,-0.22260185461254153,-1.0974717429227572,-0.4893605408028905,1.0,1.0,3.0,3.0
-1.536466873195188,-0.5573172072621692,0.9427688175421591,0.4503692314896862,1.0,0.0,0.0,5.0
1.221546058644087,-0.8695942011728675,-0.587411602806528,-1.7296238008127292,1.0,1.0,3.0,0.0
-0.31780999633597357,-0.6734937289053451,-1.7775519297443958,-1.2645145397864423,0.0,0.0,4.0,5.0
0.5160078667782259,-1.0106878266333827,-0.587411602806528,-0.03281399275288624,0.0,0.0,0.0,3.0
0.5160078667782259,-0.9582277895561181,0.7727487708367494,-1.0181615903080357,1.0,1.0,2.0,0.0
-0.18953032508763518,-1.0385135389917741,-0.7574316495119378,1.0656359276281524,0.0,0.0,3.0,5.0
-1.2799075306985113,-0.050589602757024,0.43270867742593006,0.29655525010083317,1.0,1.0,0.0,3.0
1.4139655655165944,-1.0164600917585782,0.6027287241313397,-0.7115940356607502,1.0,0.0,3.0,3.0
-1.6647465444435265,0.23476693125581538,-0.24737150939570868,-0.35807227414591986,1.0,0.0,1.0,5.0
0.25944852428154913,-0.31468704663650376,0.26268863072052034,1.5647146011523352,0.0,1.0,0.0,1.0
0.7084273736507334,0.4243331827354352,-0.7574316495119378,-1.300743457925199,1.0,1.0,4.0,3.0
-1.2157676950743421,-0.3332168695702208,-1.7775519297443958,-0.8428102482960617,0.0,1.0,2.0,3.0
0.25944852428154913,-0.16119196257893778,0.6027287241313397,0.6340808869340678,0.0,1.0,1.0,4.0
-0.125390489463466,-1.0515614674204843,-1.2674917896281668,1.216151921284197,1.0,0.0,0.0,3.0
-0.38194983196014276,0.12115859686364286,-0.9274516962173475,-1.2596849145853561,0.0,0.0,2.0,3.0
0.580147702402395,-1.2696889139219518,0.6027287241313397,1.3012224254382347,1.0,0.0,2.0,2.0
-1.536466873195188,-0.22107785423831275,0.43270867742593006,0.6505543409833662,0.0,1.0,4.0,1.0
-0.5743693388326503,1.421361485682636,0.43270867742593006,0.739757997828978,0.0,0.0,1.0,5.0
-0.7667888457051578,1.606816848922482,1.2828089109529786,1.6072958146544774,0.0,0.0,1.0,5.0
1.1574062230199178,1.0062552893304981,0.26268863072052034,-0.6530829793686178,0.0,0.0,0.0,3.0
0.580147702402395,-1.711463475137665,0.09266858401511067,-0.4173339428684803,0.0,1.0,1.0,5.0
-1.536466873195188,-1.4200617529638357,1.4528289576583882,0.4283861466660408,0.0,0.0,2.0,0.0
1.221546058644087,-0.13336592350557144,-0.587411602806528,0.8194805276070042,0.0,0.0,2.0,4.0
-0.8950685169534962,-0.34978533429441633,1.6228490043637978,0.45686430773715486,0.0,0.0,1.0,5.0
1.285685894268256,-1.2033616173246457,0.43270867742593006,-0.8211923111030299,1.0,1.0,2.0,0.0
-0.6385091744568195,-1.7194195763695987,-0.24737150939570868,1.3951711234954103,1.0,0.0,1.0,0.0
1.3498257298924252,1.5276772800328742,0.09266858401511067,1.4915866057064466,1.0,0.0,4.0,1.0
-1.151627859450173,0.3683312014554485,-0.587411602806528,0.36026783082446506,1.0,0.0,2.0,0.0
0.13116885303321074,-1.6638615913111365,0.6027287241313397,1.5414639153686467,1.0,1.0,3.0,1.0
-0.9592083525776655,0.7080721203851982,-0.07735146269029901,-1.4077119788594188,0.0,1.0,3.0,2.0
0.06702901740904156,1.622261923978228,0.9427688175421591,0.20049187327688509,1.0,0.0,3.0,0.0
-1.6647465444435265,-0.9910307435449844,0.7727487708367494,-1.411153694316708,0.0,1.0,0.0,5.0
-0.31780999633597357,1.5761965551486574,1.4528289576583882,-1.503246922803676,0.0,1.0,1.0,5.0
-0.7667888457051578,0.11155592034635532,-0.24737150939570868,0.0446041531582075,1.0,0.0,3.0,5.0
0.45186803115405666,-1.46054660076803,0.7727487708367494,0.5522468591196219,1.0,0.0,1.0,1.0
-0.25367016071180437,-0.32941023609840264,-0.24737150939570868,-0.03259935179476658,1.0,1.0,2.0,0.0
-0.18953032508763518,-0.8667544298771678,-0.9274516962173475,-1.4286609873573712,1.0,0.0,1.0,4.0
1.1574062230199178,0.5684099952687667,0.6027287241313397,1.0234378541352946,0.0,0.0,2.0,3.0
-0.31780999633597357,-1.6716684031970497,-1.2674917896281668,0.3781587755199983,1.0,0.0,0.0,4.0
0.38772819552988746,1.3755754857821776,0.43270867742593006,1.439542572746484,0.0,0.0,1.0,2.0
1.1574062230199178,0.43845201122979083,0.9427688175421591,-1.4573228676810361,1.0,1.0,0.0,5.0
-0.5102295032084811,-1.5235844954512456,-1.6075318830389862,-0.5152552593991924,0.0,0.0,0.0,0.0
0.9649867161474102,0.6818067721273319,0.26268863072052034,-0.2888958381709543,1.0,0.0,0.0,2.0
1.4139655655165944,-0.39381711465786784,-0.587411602806528,-0.9632528637701887,0.0,0.0,1.0,3.0
-1.6647465444435265,-0.7966461966200241,1.2828089109529786,0.10253091458995033,1.0,0.0,4.0,4.0
0.06702901740904156,1.679132238774176,0.6027287241313397,-0.4428722257461116,0.0,0.0,0.0,4.0
1.0932663873957484,0.10244955178047889,-0.587411602806528,0.4301171724358171,0.0,0.0,4.0,5.0
-1.6647465444435265,1.6818276747585388,-0.7574316495119378,1.2887249517911208,0.0,0.0,0.0,5.0
-0.5743693388326503,-1.7039570894672988,-1.7775519297443958,-0.9381958976921372,0.0,0.0,2.0,4.0
-1.3440473663226806,-1.049500804268928,-1.2674917896281668,0.1433813393578587,1.0,0.0,3.0,3.0
0.06702901740904156,1.3655754652088532,0.6027287241313397,0.589488777122709,1.0,1.0,2.0,0.0
0.13116885303321074,1.031670164202957,0.9427688175421591,-1.5731027329957643,1.0,0.0,4.0,0.0
-0.31780999633597357,0.0007905715562763417,-0.24737150939570868,1.5171849056475784,1.0,0.0,0.0,4.0
-1.2799075306985113,-1.6547104956533187,1.1127888642475687,-0.7230067534214856,1.0,0.0,2.0,4.0
0.5160078667782259,1.7239509975455005,-0.4173915561011184,0.9758286364749997,1.0,0.0,3.0,2.0
1.606385072389102,0.5013542097489798,-1.2674917896281668,0.574944337421686,0.0,0.0,0.0,5.0
-1.151627859450173,-0.05406289370180045,0.09266858401511067,0.2218080280603667,0.0,0.0,1.0,3.0
1.5422452367649329,1.0655733931297129,-0.9274516962173475,0.4259875396841751,0.0,0.0,3.0,4.0
-0.5102295032084811,-0.936804932050976,1.4528289576583882,0.28668923875870345,0.0,0.0,4.0,2.0
-1.4081872019468498,1.0750858282110543,-1.7775519297443958,-1.592029618555627,1.0,0.0,0.0,0.0
0.7725672092749026,0.2922829295821111,-0.9274516962173475,0.27678443920428536,0.0,0.0,4.0,1.0
1.6705249080132711,-1.332422135016762,1.2828089109529786,-0.4532364658882845,1.0,0.0,1.0,0.0
1.0932663873957484,1.326496043015819,0.9427688175421591,-1.3699619556916172,0.0,0.0,1.0,1.0
-0.18953032508763518,1.1939579053694809,0.26268863072052034,0.5767157740633017,0.0,0.0,3.0,1.0
0.002889181784872371,0.3858590672816671,0.09266858401511067,1.60003051809533,0.0,0.0,0.0,3.0
-1.0874880238260038,1.7398310948895699,0.9427688175421591,1.01355810502038,1.0,0.0,3.0,3.0
-0.8950685169534962,0.5598062756504117,0.7727487708367494,-1.149379685120611,1.0,0.0,0.0,0.0
-0.061250653839296815,1.195961154990819,0.6027287241313397,0.07300202983355887,0.0,1.0,0.0,3.0
-0.8309286813293271,-0.13872302643929774,0.9427688175421591,0.7231331883843585,1.0,0.0,1.0,2.0
-0.125390489463466,0.17833027879507657,-0.7574316495119378,-0.09428349130883443,0.0,0.0,1.0,3.0
-0.25367016071180437,-0.496710065475104,-0.4173915561011184,-0.025607010253714566,1.0,0.0,0.0,5.0
0.06702901740904156,-0.5050446092404018,0.6027287241313397,-0.5253611612242691,1.0,0.0,1.0,5.0
1.606385072389102,0.3070384262997752,1.1127888642475687,0.13543999746936408,1.0,0.0,3.0,3.0
0.13116885303321074,1.3720782771398508,-1.6075318830389862,-0.6311687517943074,1.0,1.0,3.0,1.0
0.38772819552988746,1.6179176755001263,0.6027287241313397,-0.5712192444745983,1.0,1.0,1.0,0.0
-0.125390489463466,0.6258948050333233,-0.24737150939570868,-0.5921458236981378,1.0,0.0,1.0,3.0
-1.536466873195188,-1.6770689840634403,-0.587411602806528,-0.45421031602257417,1.0,0.0,1.0,4.0
-1.472327037571019,-0.6968128453921758,1.1127888642475687,-1.650500918181205,0.0,1.0,0.0,5.0
0.5160078667782259,-0.1164791416339066,-1.0974717429227572,1.2818205005631855,0.0,1.0,1.0,5.0
0.580147702402395,1.4718346523530907,-0.7574316495119378,1.053753553246565,0.0,0.0,1.0,2.0
0.580147702402395,-1.6884564383937095,-0.07735146269029901,1.7187293215296993,1.0,0.0,4.0,1.0
-1.2799075306985113,-0.19959054045887792,-0.587411602806528,1.3422636360573457,0.0,1.0,3.0,1.0
1.5422452367649329,-1.4628764156975076,1.4528289576583882,-1.26818037206491,1.0,1.0,3.0,5.0
-1.6006067088193572,1.2816877454775013,1.6228490043637978,-0.30395675499058167,1.0,1.0,3.0,5.0
-0.7026490100809887,0.6573627258536892,-1.0974717429227572,1.055776528164711,1.0,0.0,4.0,5.0
1.0291265517715793,0.5556777458595848,-1.4375118363335764,0.825024392781111,0.0,1.0,4.0,1.0
-0.8309286813293271,-0.45144465398645145,-0.7574316495119378,1.0886778807749768,1.0,0.0,3.0,1.0
0.8367070448990718,1.1475830464990482,0.9427688175421591,0.615158112460435,1.0,1.0,2.0,3.0
-0.8309286813293271,1.0085010473896225,-1.6075318830389862,0.7029126713038077,0.0,0.0,2.0,4.0
-0.38194983196014276,0.07344120708709377,-1.7775519297443958,0.7491700297269465,0.0,1.0,4.0,2.0
0.25944852428154913,0.4812523146424994,-1.2674917896281668,-0.35571976405876354,1.0,0.0,2.0,0.0
0.5160078667782259,0.23124966358876,-1.6075318830389862,1.3335327817279319,1.0,0.0,3.0,2.0
1.3498257298924252,-0.5019962546374663,0.7727487708367494,0.22970334902897246,0.0,1.0,3.0,0.0
0.06702901740904156,0.44744458965460426,1.4528289576583882,-0.33096731151055425,1.0,1.0,4.0,2.0
-1.472327037571019,-1.285092821633387,0.9427688175421591,0.7900795748396047,1.0,1.0,4.0,2.0
0.580147702402395,-1.4836464821350925,1.4528289576583882,-0.05326169213179432,0.0,0.0,1.0,0.0
-1.536466873195188,1.6952038880240623,0.7727487708367494,-0.5859117323254419,1.0,1.0,4.0,2.0
1.3498257298924252,1.2609728483775944,-1.7775519297443958,-1.009650090022112,1.0,1.0,2.0,1.0
-1.4081872019468498,-0.6828052711284103,0.26268863072052034,-0.05233951112374472,1.0,0.0,1.0,3.0
1.6705249080132711,-0.8533127064680245,-1.6075318830389862,-1.140435770558985,1.0,1.0,1.0,3.0
0.3235883599057183,1.6224741159774538,0.6027287241313397,1.2147367345439306,1.0,0.0,1.0,5.0
-0.5743693388326503,-0.48612716401022876,-0.9274516962173475,-0.8668550353876241,1.0,0.0,4.0,0.0
-0.38194983196014276,-1.2045728251419994,0.9427688175421591,1.6293483939557554,1.0,1.0,1.0,1.0
0.7084273736507334,0.544621525747885,-0.7574316495119378,0.4303544772707305,0.0,0.0,4.0,5.0
-0.18953032508763518,-0.07501077827823086,-0.587411602806528,0.8798869460993375,1.0,0.0,2.0,2.0
-1.151627859450173,-0.7258643150259741,-0.587411602806528,0.8325020406874051,1.0,0.0,4.0,2.0
-0.8309286813293271,-0.7030490457401953,-0.4173915561011184,1.2991946491661979,1.0,0.0,4.0,3.0
1.285685894268256,-0.3130255274176864,-1.6075318830389862,1.1393595065523394,0.0,0.0,1.0,4.0
1.4781054011407637,-1.6291596628603957,0.7727487708367494,-0.1398512217559884,1.0,1.0,4.0,5.0
-1.6647465444435265,0.44198147613130795,0.6027287241313397,1.5397234014457164,0.0,1.0,2.0,5.0
-1.2799075306985113,0.25837212983790614,-1.4375118363335764,0.5469193573432487,0.0,1.0,3.0,2.0
0.3235883599057183,0.06846089402930239,0.43270867742593006,-0.41459889149754164,1.0,1.0,0.0,3.0
0.002889181784872371,-0.5150215773507973,1.1127888642475687,-0.7684763902207413,0.0,0.0,2.0,1.0
-0.44608966758431196,-1.0457006456904305,-1.7775519297443958,0.05156624223413477,0.0,0.0,3.0,0.0
0.38772819552988746,-0.22108344180355588,0.26268863072052034,-0.9110646550061744,1.0,1.0,4.0,4.0
0.13116885303321074,0.6348319954455934,-0.4173915561011184,-0.7576745396793613,1.0,1.0,3.0,0.0
-0.38194983196014276,-1.5296506521958342,-1.0974717429227572,-1.2938726008575447,1.0,0.0,0.0,4.0
0.5160078667782259,-0.1438117086579645,-1.2674917896281668,-1.1649395939931566,0.0,0.0,2.0,0.0
0.25944852428154913,0.6780309401718001,0.9427688175421591,0.8408242791866939,1.0,1.0,1.0,5.0
1.5422452367649329,-0.6423136634398653,-1.7775519297443958,1.6157479051519712,1.0,1.0,2.0,4.0
0.6442875380265642,0.5531651926268907,0.09266858401511067,-1.2828080147377618,1.0,0.0,3.0,1.0
-1.2157676950743421,-0.7035474461048669,0.6027287241313397,-1.6931416725185706,0.0,1.0,4.0,5.0
-0.125390489463466,-1.5949837432754344,0.7727487708367494,-1.7365870253778932,1.0,0.0,1.0,1.0
0.8367070448990718,0.8280404457546963,-0.587411602806528,-1.6829487166194699,0.0,0.0,4.0,5.0
-0.31780999633597357,-0.35633839434203757,-1.2674917896281668,0.2988915908859438,0.0,0.0,0.0,5.0
1.285685894268256,-1.2759990771082916,-1.6075318830389862,0.7447560511861658,0.0,0.0,3.0,2.0
-0.7026490100809887,0.22224352872353914,0.09266858401511067,-0.08886088554715903,0.0,0.0,0.0,3.0
-0.125390489463466,-0.22637521148795545,-0.24737150939570868,-0.3877059504706454,0.0,0.0,4.0,4.0
0.5160078667782259,-0.18852689223735664,1.6228490043637978,0.7590076235871728,0.0,0.0,0.0,1.0
-0.38194983196014276,0.44869038156554397,0.6027287241313397,1.5850481342605796,1.0,0.0,4.0,3.0
-1.151627859450173,0.6211483283484518,-0.587411602806528,-0.595940018410256,1.0,0.0,2.0,1.0
0.900846880523241,1.5753560730006329,1.6228490043637978,1.3342809208095288,1.0,0.0,1.0,4.0
0.13116885303321074,-1.4104016778427355,0.9427688175421591,-0.9315961099238687,1.0,1.0,0.0,1.0
-1.472327037571019,-0.004613424567495709,0.6027287241313397,0.4234417966130397,0.0,0.0,0.0,5.0
1.3498257298924252,-0.08800580320487378,1.6228490043637978,0.8484245377797891,1.0,0.0,0.0,2.0
-0.38194983196014276,-1.4483740633802609,-1.7775519297443958,1.3826845640227776,1.0,0.0,0.0,2.0
1.5422452367649329,-0.530026337465565,-0.24737150939570868,0.663084684662738,0.0,0.0,1.0,4.0
1.1574062230199178,0.1160006753482036,-1.2674917896281668,-0.01900722154083968,0.0,1.0,3.0,3.0
-1.6647465444435265,-1.5509077698651554,-0.7574316495119378,-0.10588117060382948,1.0,0.0,3.0,0.0
1.4139655655165944,1.0520524436619039,-0.587411602806528,1.263428756837092,0.0,0.0,4.0,0.0
-0.061250653839296815,-1.0890001234696158,0.7727487708367494,-1.716989374742854,1.0,0.0,2.0,2.0
-1.0233481882018347,-1.5050504791908013,-1.0974717429227572,-0.9289195510921834,0.0,0.0,0.0,3.0
-1.4081872019468498,-0.0493106001015937,-1.4375118363335764,0.7355516033425338,0.0,0.0,3.0,3.0
0.6442875380265642,0.9954330668700427,-0.07735146269029901,1.042185857113538,0.0,0.0,1.0,3.0
0.06702901740904156,1.1072694330895985,1.4528289576583882,0.0072250956717772935,0.0,1.0,0.0,1.0
0.45186803115405666,-1.6543977100923484,0.09266858401511067,1.1261572725592466,1.0,1.0,4.0,3.0
-0.8309286813293271,-0.17574331642559035,0.43270867742593006,-0.03840054234361106,0.0,0.0,0.0,1.0
1.6705249080132711,0.12451818095386305,-0.587411602806528,0.4244132559581438,0.0,0.0,2.0,3.0
0.5160078667782259,-1.5744102411706733,-0.24737150939570868,-1.7233440452986915,0.0,1.0,4.0,0.0
-0.18953032508763518,0.7308583485582437,1.2828089109529786,-1.118921327549566,1.0,1.0,0.0,3.0
0.38772819552988746,-0.8311235642819443,-0.587411602806528,1.3703407413693465,0.0,1.0,4.0,5.0
0.3235883599057183,-1.6981571829414448,0.09266858401511067,-0.7329692288193314,1.0,0.0,0.0,3.0
-0.8309286813293271,0.7499371584425268,-0.7574316495119378,0.34876409009718773,0.0,0.0,2.0,3.0
-1.4081872019468498,-0.699170581528589,0.9427688175421591,-0.4239701674483508,1.0,0.0,2.0,2.0
-0.125390489463466,-0.8203943890990949,1.2828089109529786,-1.7813779587031435,0.0,1.0,3.0,2.0
-0.44608966758431196,-0.5225447004473901,-0.07735146269029901,-0.17457505658567166,0.0,0.0,4.0,1.0
0.900846880523241,-1.5032677730149104,0.09266858401511067,-0.15880615027571046,0.0,0.0,2.0,0.0
1.221546058644087,0.2123583213412043,0.43270867742593006,1.4355195481068848,1.0,1.0,3.0,1.0
-1.0233481882018347,-0.6636367082628685,-0.7574316495119378,1.2293555871248025,0.0,1.0,1.0,3.0
0.7084273736507334,-1.69609749320865,0.09266858401511067,1.4179716612426585,0.0,1.0,4.0,4.0
1.0932663873957484,-1.5021245420269853,-1.2674917896281668,0.5414682316303715,1.0,1.0,4.0,0.0
0.3235883599057183,0.36274522888038535,0.6027287241313397,0.02218579966075267,1.0,1.0,4.0,5.0
-1.3440473663226806,-1.6493936434794552,1.1127888642475687,1.3339146094359486,1.0,0.0,0.0,2.0
-0.5743693388326503,-0.7847653742486358,-1.0974717429227572,-1.4974173519310707,0.0,0.0,0.0,5.0
0.13116885303321074,-1.408459212550644,0.9427688175421591,1.2145401965680436,0.0,0.0,1.0,2.0
0.002889181784872371,1.653775441057216,0.43270867742593006,-0.8904878664429314,1.0,1.0,0.0,2.0
-0.31780999633597357,0.3779488780769357,-1.2674917896281668,0.9101923269477573,0.0,1.0,2.0,5.0
0.8367070448990718,-0.3463412160655786,0.26268863072052034,0.5766954192318151,0.0,0.0,2.0,2.0
-0.6385091744568195,0.19099829000094465,0.7727487708367494,-0.521633614794394,0.0,1.0,4.0,1.0
-1.6006067088193572,1.4096767707047773,0.26268863072052034,-1.3977933402928313,0.0,0.0,4.0,3.0
0.7725672092749026,-1.4831226200872865,1.2828089109529786,-1.6090450627034631,1.0,0.0,4.0,2.0
1.3498257298924252,1.0695098575990296,0.09266858401511067,-0.9834517180155605,1.0,0.0,1.0,3.0
-0.5743693388326503,0.126538368976871,0.7727487708367494,-1.7469796054345499,1.0,0.0,2.0,2.0
0.6442875380265642,1.1446944238126011,-0.587411602806528,0.6992424437240067,0.0,1.0,3.0,1.0
-1.3440473663226806,0.8954404079363907,0.9427688175421591,-1.759999739153156,0.0,0.0,2.0,2.0
1.4781054011407637,0.6897403536434458,1.1127888642475687,0.7201294947584915,1.0,0.0,0.0,1.0
0.7725672092749026,0.8180878413688167,-0.7574316495119378,1.5591415249892737,1.0,0.0,1.0,3.0
-1.0233481882018347,1.5147768382586826,-1.7775519297443958,-0.8116045216117684,1.0,0.0,1.0,1.0
1.5422452367649329,1.176409013449595,0.7727487708367494,0.2795770118175543,1.0,0.0,0.0,3.0
-0.31780999633597357,1.5328329497102215,-1.2674917896281668,-1.0455763608185138,0.0,0.0,3.0,1.0
0.06702901740904156,-1.3631085710995154,0.7727487708367494,1.6581216251012687,1.0,0.0,4.0,1.0
1.0291265517715793,-0.016418420382275173,-1.0974717429227572,-0.4639518674998141,0.0,0.0,4.0,2.0
-0.6385091744568195,-1.688517852863647,-1.7775519297443958,-0.8466174493835049,0.0,1.0,4.0,5.0
0.19530868865737994,1.0904943403487153,-1.0974717429227572,-0.8862394269582793,1.0,0.0,0.0,5.0
1.285685894268256,-1.699122189099548,-1.2674917896281668,-0.1853798824495921,1.0,0.0,3.0,3.0
0.5160078667782259,1.3530170636705232,-1.0974717429227572,0.01951620602251426,1.0,0.0,1.0,1.0
0.580147702402395,0.22428932424946893,0.26268863072052034,0.7965198327243944,1.0,1.0,3.0,0.0
-0.8950685169534962,0.5535999099076775,-0.24737150939570868,-1.5300138069289426,1.0,0.0,4.0,5.0
-0.38194983196014276,-1.6808239064493562,-1.7775519297443958,-0.6038888271167698,0.0,0.0,4.0,4.0
1.4139655655165944,0.40351643882728755,-1.2674917896281668,-0.06192985296206409,1.0,1.0,4.0,1.0
-0.7667888457051578,1.5920632221542064,1.2828089109529786,0.3290928822495011,1.0,0.0,0.0,3.0
1.4781054011407637,0.47481562172531816,-0.4173915561011184,0.2037009986495479,1.0,1.0,2.0,5.0
-1.6006067088193572,-1.4577416390719298,-0.07735146269029901,1.486494334331765,0.0,0.0,2.0,0.0
-1.0874880238260038,0.08303583549843623,0.09266858401511067,-0.7879780075303158,0.0,0.0,3.0,1.0
-1.472327037571019,-0.3630708263223578,-0.07735146269029901,0.31280192412658603,0.0,0.0,1.0,4.0
-0.7026490100809887,-1.3894793012313418,-1.7775519297443958,1.349603893869689,0.0,0.0,3.0,5.0
-1.472327037571019,-0.29550452660088894,-1.2674917896281668,0.021405324012188576,0.0,0.0,3.0,3.0
0.19530868865737994,0.010569937576302372,-0.587411602806528,-0.7729388237116901,0.0,0.0,3.0,0.0
-0.125390489463466,0.9583924331835404,1.6228490043637978,-0.2179085132632969,1.0,0.0,4.0,3.0
0.9649867161474102,-0.5204645459488413,0.09266858401511067,0.25563873043054336,0.0,0.0,1.0,0.0
0.6442875380265642,0.953123357264081,-0.24737150939570868,1.202758715193362,1.0,1.0,0.0,2.0
1.5422452367649329,1.681283873243387,-0.9274516962173475,0.060731961145931504,0.0,1.0,1.0,4.0
-0.7026490100809887,0.5450317615177872,1.4528289576583882,0.3484680127273072,1.0,1.0,0.0,0.0
-0.7667888457051578,1.490711482846549,-0.24737150939570868,-0.593743225379672,1.0,1.0,1.0,2.0
-1.2157676950743421,0.7855553642050292,-0.4173915561011184,-0.36479207991754226,0.0,0.0,0.0,3.0
-0.44608966758431196,-1.2412148430302103,-0.24737150939570868,1.090387992857167,1.0,0.0,4.0,0.0
0.19530868865737994,1.6667212183350495,-0.9274516962173475,-0.9504912980839053,1.0,0.0,2.0,5.0
-0.061250653839296815,-0.47834897676139343,1.6228490043637978,1.462492132791017,1.0,1.0,4.0,0.0
0.3235883599057183,-0.38236131757915437,0.7727487708367494,0.10042550469807755,0.0,1.0,3.0,5.0
-1.0233481882018347,-0.5268699688552051,1.1127888642475687,-0.5637617663243784,0.0,0.0,1.0,1.0
-1.472327037571019,1.013312495400013,-0.4173915561011184,1.4550556519223794,1.0,0.0,1.0,2.0
-1.2157676950743421,1.1297911437808053,0.7727487708367494,1.5171976730129848,1.0,0.0,2.0,2.0
-1.4081872019468498,1.6684865914336258,-1.4375118363335764,-0.09181978854416509,0.0,0.0,0.0,2.0
1.5422452367649329,0.716871233461746,0.7727487708367494,-0.7089615055392411,0.0,1.0,3.0,5.0
0.8367070448990718,-1.4224584406735006,-0.9274516962173475,1.4096116824549216,1.0,0.0,4.0,4.0
-1.3440473663226806,-1.730144305776273,-0.9274516962173475,-0.4202856661749284,1.0,0.0,3.0,5.0
1.5422452367649329,0.3628907541574019,-0.07735146269029901,0.5760584449663034,1.0,0.0,4.0,5.0
0.13116885303321074,1.288508345034918,-0.9274516962173475,-0.15599576645199786,1.0,0.0,4.0,3.0
1.0291265517715793,0.7282676985817831,0.7727487708367494,-1.2744605908842082,0.0,0.0,4.0,0.0
0.19530868865737994,-0.9932925772661457,1.1127888642475687,-0.9395388471718387,0.0,0.0,3.0,5.0
1.6705249080132711,1.2541467406873146,-0.9274516962173475,-1.7281430698855629,0.0,0.0,3.0,2.0
1.6705249080132711,0.030192217800328464,1.4528289576583882,-1.0657166602398587,0.0,1.0,0.0,0.0
-0.18953032508763518,-0.5143369018888903,-1.7775519297443958,1.1376125127462022,1.0,1.0,1.0,0.0
-1.2157676950743421,0.40466234487614927,-1.0974717429227572,-1.0474767273226528,0.0,0.0,2.0,4.0
-1.2157676950743421,1.3990282833705343,-0.07735146269029901,-1.1467240123320783,1.0,0.0,2.0,4.0
0.45186803115405666,1.5482040745160481,1.2828089109529786,0.9077164793853081,1.0,0.0,3.0,1.0
0.3235883599057183,1.180635497697056,0.09266858401511067,1.403052493413709,1.0,0.0,1.0,0.0
-1.6006067088193572,-0.866728872065591,-1.0974717429227572,0.2889526600667477,1.0,1.0,3.0,4.0
1.4139655655165944,-0.7543900974634715,0.43270867742593006,-0.0024871749554967962,1.0,0.0,3.0,3.0
0.8367070448990718,-0.21205858571136108,-1.2674917896281668,-1.172760664029527,1.0,0.0,1.0,2.0
1.221546058644087,1.5971589744166217,1.6228490043637978,1.2613720375356017,1.0,1.0,4.0,0.0
1.6705249080132711,-0.03021487727250574,0.09266858401511067,0.6645462646168564,1.0,0.0,2.0,4.0
1.0932663873957484,-0.5276430144150335,0.7727487708367494,-0.22462270315520103,1.0,0.0,4.0,4.0
0.6442875380265642,0.3195217499662155,-0.07735146269029901,0.6922456870161826,1.0,0.0,0.0,3.0
0.3235883599057183,1.5784590547087631,-0.24737150939570868,1.6311813283319316,1.0,0.0,2.0,0.0
0.9649867161474102,1.0473335419220393,-0.587411602806528,1.0871376179745256,0.0,0.0,2.0,1.0
-1.536466873195188,0.35264824485265056,-0.7574316495119378,-1.3909937814831679,0.0,0.0,4.0,3.0
0.19530868865737994,-0.3049541451443733,-0.24737150939570868,1.5810699444402245,0.0,0.0,0.0,3.0
0.7084273736507334,-0.689308034660141,1.2828089109529786,-1.0639601232839417,1.0,1.0,2.0,0.0
-1.536466873195188,0.7229962081068959,-1.7775519297443958,-0.009431868600405322,0.0,0.0,4.0,0.0
0.38772819552988746,0.08975284616593719,1.1127888642475687,-1.6974436583542798,1.0,0.0,4.0,5.0
-1.2157676950743421,0.7131636382064535,1.2828089109529786,0.8321322270574627,0.0,0.0,1.0,2.0
-0.7667888457051578,-1.0989552177863982,0.26268863072052034,0.5545908537316553,1.0,1.0,4.0,5.0
0.38772819552988746,0.21766504362956698,1.6228490043637978,1.2093093425627992,0.0,0.0,0.0,4.0
-0.25367016071180437,0.1752029236434283,-0.07735146269029901,1.1576323732514933,0.0,0.0,1.0,1.0
0.19530868865737994,-0.554110611889543,0.26268863072052034,1.1633135246015593,0.0,0.0,0.0,5.0
0.5160078667782259,-0.7491596406863275,0.7727487708367494,1.3893884910367438,1.0,0.0,1.0,4.0
1.6705249080132711,1.5994134412725205,0.09266858401511067,0.9349355639825938,1.0,0.0,4.0,2.0
-0.6385091744568195,0.728650245671949,0.09266858401511067,-1.60999614086607,1.0,0.0,3.0,3.0
0.5160078667782259,0.07242224222428408,-1.4375118363335764,0.9336851265362331,0.0,0.0,4.0,2.0
-1.4081872019468498,1.0316237977314704,0.6027287241313397,-1.7189821562023389,0.0,0.0,3.0,4.0
0.5160078667782259,0.5696494124885845,-0.4173915561011184,1.414580809758604,0.0,0.0,0.0,4.0
0.7725672092749026,-0.612443334215113,1.6228490043637978,1.3147958731753986,0.0,0.0,2.0,2.0
-0.8309286813293271,0.1952084992492261,-0.4173915561011184,-0.9507508391519002,1.0,0.0,3.0,3.0
1.606385072389102,0.9513701028292154,0.43270867742593006,0.1538901487266853,1.0,0.0,4.0,2.0
0.13116885303321074,0.2580246086376684,-0.7574316495119378,0.8704143043650036,0.0,1.0,4.0,5.0
-0.7026490100809887,1.0691574684325211,-1.0974717429227572,-0.5180656964133125,1.0,1.0,4.0,3.0
0.580147702402395,-0.7678462474375446,0.7727487708367494,1.3230986614318971,0.0,0.0,3.0,5.0
-1.6006067088193572,-1.7033395382362841,1.6228490043637978,-1.089282102852151,0.0,0.0,0.0,4.0
1.285685894268256,1.6356266715176364,-1.6075318830389862,-0.8754010449105032,1.0,0.0,0.0,1.0
-0.38194983196014276,0.7128392376097019,0.7727487708367494,-0.5227731879543336,1.0,1.0,4.0,2.0
1.6705249080132711,-0.47184672606913336,-1.4375118363335764,-0.5414055024824475,1.0,0.0,4.0,0.0
-0.5102295032084811,0.7307177824279378,0.7727487708367494,1.2296740510824287,0.0,0.0,1.0,0.0
1.4139655655165944,0.8712029376705703,-1.2674917896281668,-1.4077977272657725,1.0,0.0,4.0,2.0
-0.6385091744568195,1.309953259387407,-1.0974717429227572,-1.779552178237781,0.0,0.0,3.0,2.0
1.0932663873957484,-0.17033468758846515,-1.7775519297443958,-1.0690988672225112,0.0,0.0,2.0,1.0
-0.18953032508763518,-1.5416447054744267,-0.4173915561011184,-1.5531398176394,0.0,0.0,0.0,0.0
0.7725672092749026,-0.3290384488930053,0.9427688175421591,-1.520994365140203,1.0,0.0,2.0,2.0
-1.2799075306985113,0.4393112846359678,0.9427688175421591,-0.8919001791176747,0.0,1.0,1.0,0.0
1.606385072389102,-0.02257053894421617,0.7727487708367494,-0.157571177307819,0.0,1.0,1.0,5.0
1.4139655655165944,1.0740775407865946,0.09266858401511067,0.49700509065876713,1.0,0.0,3.0,3.0
0.8367070448990718,0.05658486376903803,-0.587411602806528,-0.4146256923386774,0.0,0.0,0.0,5.0
1.5422452367649329,0.8898268562766304,0.43270867742593006,0.9681875246663975,1.0,0.0,1.0,2.0
0.002889181784872371,0.7943620388391758,0.9427688175421591,-1.509269833794763,0.0,1.0,0.0,5.0
-0.18953032508763518,-0.6289083791024804,0.09266858401511067,0.5574188719093673,0.0,0.0,4.0,5.0
-0.25367016071180437,-0.24340550622276605,0.09266858401511067,-1.7208877000173386,1.0,1.0,2.0,1.0
0.900846880523241,-0.5891508322034922,-0.587411602806528,0.7245032291430101,0.0,0.0,3.0,2.0
0.06702901740904156,1.7057990242595902,0.43270867742593006,0.6796066003896287,1.0,0.0,0.0,1.0
0.13116885303321074,1.2994564384885086,-0.587411602806528,0.6354901459158572,1.0,0.0,2.0,2.0
1.1574062230199178,1.4574656434341218,0.6027287241313397,0.5472155558061185,0.0,1.0,3.0,4.0
0.900846880523241,0.6632208374758697,0.6027287241313397,-1.7218500503152472,1.0,0.0,0.0,1.0
0.7725672092749026,1.044551012106736,-0.24737150939570868,-1.6102799136253647,0.0,1.0,1.0,1.0
0.5160078667782259,0.5358052905102604,0.7727487708367494,0.1596739579308177,0.0,0.0,4.0,2.0
1.5422452367649329,-1.154131227989122,-0.07735146269029901,1.4882858196072604,1.0,1.0,0.0,0.0
0.13116885303321074,0.3021139676578059,1.6228490043637978,-0.8738637957843028,0.0,0.0,3.0,0.0
0.13116885303321074,-1.7305723051945936,-1.0974717429227572,-1.3455750873822079,0.0,1.0,2.0,4.0
1.6705249080132711,-1.0832278413435603,-1.0974717429227572,-0.856671461857579,1.0,1.0,4.0,4.0
-1.3440473663226806,-1.2130969702119687,0.43270867742593006,0.3435828719037044,0.0,0.0,4.0,4.0
-0.061250653839296815,-0.5681242179044169,0.43270867742593006,-1.6632932758400707,0.0,0.0,3.0,1.0
1.0932663873957484,-1.2018668384216276,-0.9274516962173475,-0.7070939510694444,1.0,1.0,0.0,3.0
0.900846880523241,0.9996928080401409,1.1127888642475687,-0.5794854576680425,1.0,0.0,4.0,2.0
-1.151627859450173,1.4324912650070418,0.26268863072052034,1.3948839153727985,0.0,0.0,4.0,1.0
0.8367070448990718,-1.1836129389465773,-0.07735146269029901,1.5023961621351098,1.0,0.0,3.0,2.0
1.4781054011407637,-1.4958373625631902,1.2828089109529786,-0.7952988827121906,1.0,0.0,2.0,1.0
-1.0874880238260038,0.5155723293911604,-1.4375118363335764,0.09474676691801064,1.0,0.0,0.0,1.0
-0.6385091744568195,0.5340934924785374,0.6027287241313397,-0.11900105004715349,1.0,0.0,1.0,1.0
0.8367070448990718,-0.7481452082146054,-1.6075318830389862,-1.383372802381149,1.0,1.0,3.0,1.0
1.0291265517715793,-0.22543961889225728,-1.0974717429227572,-1.5394825509387413,1.0,0.0,1.0,3.0
0.6442875380265642,-0.997776064801312,0.7727487708367494,1.3243711391285804,1.0,1.0,1.0,4.0
-1.4081872019468498,0.8341988227338415,0.9427688175421591,0.3956523855655325,0.0,1.0,4.0,2.0
0.38772819552988746,-0.529505525259591,1.2828089109529786,-0.2685592591807045,0.0,1.0,4.0,1.0
-0.061250653839296815,-1.3765372223893575,1.6228490043637978,1.2104930885421776,0.0,0.0,1.0,4.0
-1.4081872019468498,-1.5844499851660248,-1.4375118363335764,0.7519261602138209,1.0,1.0,3.0,4.0
-1.0233481882018347,0.1650033775258823,-0.4173915561011184,-0.9994275398490322,1.0,1.0,3.0,0.0
-1.472327037571019,-0.6726026337456881,-0.07735146269029901,-1.1246388171959139,0.0,0.0,1.0,0.0
1.3498257298924252,-0.7142710504063801,-0.9274516962173475,1.087111976081851,0.0,0.0,0.0,3.0
1.3498257298924252,-1.2964831117764282,0.26268863072052034,-0.017358994587238077,0.0,1.0,4.0,1.0
0.19530868865737994,-0.8005823733417995,-0.24737150939570868,1.3300543937423626,1.0,1.0,3.0,4.0
0.7084273736507334,-0.17795543435557395,-1.0974717429227572,-0.5877418509336453,1.0,1.0,0.0,1.0
1.221546058644087,1.319928425221692,0.9427688175421591,0.3753896634999871,0.0,1.0,2.0,0.0
-1.6647465444435265,-1.2725048749256729,-0.9274516962173475,1.2139649827027295,0.0,1.0,1.0,5.0
1.3498257298924252,1.1886257933098878,0.26268863072052034,1.5946615065483136,0.0,1.0,1.0,0.0
-1.0233481882018347,-1.2636017540608122,-1.6075318830389862,-0.27908364498370014,0.0,0.0,1.0,0.0
0.3235883599057183,1.4316759987671817,1.4528289576583882,1.6130847808555664,1.0,0.0,0.0,1.0
1.3498257298924252,-0.7592841177194345,0.09266858401511067,0.3372252115237428,0.0,0.0,2.0,4.0
1.4139655655165944,-1.1663612576985969,-1.2674917896281668,-0.8693888231787098,0.0,0.0,1.0,5.0
0.38772819552988746,-1.1573830545821595,-0.7574316495119378,-0.06744345325679327,0.0,1.0,0.0,2.0
1.285685894268256,0.221332983430769,1.4528289576583882,0.0024453045653168464,0.0,0.0,3.0,3.0
0.19530868865737994,0.7525308913808533,-0.24737150939570868,0.8461174556529216,0.0,0.0,1.0,3.0
-1.2157676950743421,1.575106065714844,0.09266858401511067,0.034587007012478264,0.0,1.0,4.0,0.0
-1.536466873195188,0.9447630138229257,0.26268863072052034,-1.09396892292728,1.0,0.0,0.0,3.0
0.8367070448990718,1.6257328599187322,-0.7574316495119378,-0.33267583815942414,0.0,0.0,3.0,1.0
-1.151627859450173,1.2104186353646005,-0.24737150939570868,-0.12445260591235,0.0,0.0,1.0,3.0
1.4139655655165944,-1.36226994970464,-1.2674917896281668,1.3836922150441244,0.0,0.0,3.0,0.0
0.7084273736507334,-0.5030149851313207,-1.2674917896281668,0.4224815213396583,1.0,1.0,2.0,3.0
-0.7026490100809887,0.31366257290432165,0.6027287241313397,-0.5792159234151151,0.0,0.0,1.0,0.0
1.5422452367649329,1.3068243992232031,-1.2674917896281668,-1.2136343359561859,0.0,0.0,2.0,1.0
0.45186803115405666,1.5961210725902255,1.6228490043637978,-0.8949869386474649,0.0,1.0,3.0,3.0
0.5160078667782259,-0.39563294381925557,0.26268863072052034,0.732993939070209,0.0,0.0,1.0,4.0
1.6705249080132711,1.067238323171916,-1.2674917896281668,-1.343262735335056,1.0,0.0,4.0,1.0
1.4139655655165944,-0.3342063142178736,-0.587411602806528,1.653766268923861,1.0,0.0,0.0,3.0
1.0291265517715793,1.4081405700171952,0.09266858401511067,-1.1903305595573785,0.0,0.0,2.0,5.0
-0.061250653839296815,1.6819973931407424,1.1127888642475687,1.280122965360449,1.0,0.0,4.0,5.0
0.9649867161474102,0.8238001021728393,1.2828089109529786,1.0740062014227645,0.0,0.0,2.0,4.0
1.285685894268256,-0.0001577318884859069,-1.4375118363335764,0.18011443490958143,1.0,0.0,2.0,1.0
-0.8309286813293271,1.0639186741155278,-0.9274516962173475,-0.9756304291645618,1.0,1.0,1.0,2.0
0.7725672092749026,-0.5174069380834952,-1.6075318830389862,0.6999010420360221,1.0,0.0,1.0,3.0
1.1574062230199178,-0.4482407579657634,0.09266858401511067,1.6213154288936709,0.0,0.0,4.0,5.0
0.06702901740904156,-0.17359431000795522,1.6228490043637978,-0.34987093670124075,0.0,1.0,2.0,1.0
1.0291265517715793,0.401205182154397,1.4528289576583882,-0.5001962907721483,1.0,0.0,3.0,5.0
0.3235883599057183,-1.376226224796945,0.6027287241313397,-1.642669206383871,0.0,1.0,1.0,1.0
-0.7667888457051578,-0.20235211943711529,0.6027287241313397,-1.3467732945382724,1.0,1.0,0.0,1.0
-0.8309286813293271,0.391007043459594,1.4528289576583882,-0.664594423174062,1.0,0.0,1.0,0.0
-0.9592083525776655,0.6852060866804005,1.4528289576583882,-0.6226732548335727,1.0,1.0,1.0,3.0
-0.7026490100809887,-1.380593308182429,0.7727487708367494,-1.3735512143929673,0.0,1.0,2.0,1.0
-0.8950685169534962,1.6819462926295758,-0.587411602806528,0.6079185799568487,0.0,0.0,3.0,2.0
1.6705249080132711,0.5962622922533397,-1.0974717429227572,0.6804788480496334,0.0,1.0,3.0,2.0
0.6442875380265642,0.1631092945670313,1.4528289576583882,-1.534500256655303,0.0,0.0,4.0,4.0
-0.31780999633597357,-0.8257779957372084,-0.4173915561011184,-0.4435158399953389,1.0,0.0,3.0,2.0
1.5422452367649329,0.4094078996283271,-0.587411602806528,0.8914480844566465,0.0,0.0,2.0,5.0
0.06702901740904156,-0.04482794616003608,-1.4375118363335764,-1.0584249487424369,0.0,1.0,3.0,0.0
-0.8950685169534962,-1.3080281922593624,1.2828089109529786,-1.5921033006796703,0.0,0.0,0.0,1.0
-1.6006067088193572,1.5012637530935173,1.1127888642475687,0.620116693308377,1.0,0.0,1.0,5.0
-0.125390489463466,-1.3125292658921524,1.4528289576583882,1.4055623307166227,1.0,1.0,2.0,0.0
-0.38194983196014276,-0.7532726664404171,-0.24737150939570868,0.7465081045631725,1.0,1.0,3.0,5.0
-1.0874880238260038,-1.1683158006919927,0.9427688175421591,-0.524864088593101,0.0,0.0,4.0,1.0
0.5160078667782259,-1.181242267510751,-1.6075318830389862,1.3849601765346684,0.0,0.0,1.0,2.0
-0.25367016071180437,1.147473225510912,-1.4375118363335764,0.2706667105676566,1.0,0.0,0.0,0.0
-1.2157676950743421,0.8722851949392972,-0.7574316495119378,1.0306318094234543,0.0,1.0,2.0,5.0
-0.8950685169534962,0.8497197028327176,0.26268863072052034,1.0864230878302548,1.0,1.0,4.0,2.0
-1.6006067088193572,0.9105918365552593,-1.0974717429227572,-1.0200853718414733,0.0,1.0,0.0,4.0
0.25944852428154913,-0.6282652553565683,0.43270867742593006,-0.3678276380946336,0.0,0.0,1.0,3.0
0.19530868865737994,0.034177612068909305,-0.9274516962173475,0.3595129992479492,0.0,1.0,0.0,0.0
1.4139655655165944,-1.6395000168650462,-1.4375118363335764,0.43387396262513467,1.0,1.0,1.0,4.0
-1.151627859450173,-0.8594796633770749,0.9427688175421591,-0.11021588010372013,0.0,1.0,1.0,4.0
0.25944852428154913,-0.4777109233613522,-1.7775519297443958,-0.777842643434383,1.0,0.0,0.0,3.0
-1.536466873195188,0.9848939671417675,0.26268863072052034,-0.5803599368402866,0.0,1.0,3.0,0.0
-0.7667888457051578,1.5611847312098255,0.26268863072052034,0.31481696168894185,1.0,0.0,2.0,2.0
-0.25367016071180437,0.6082202941628412,0.7727487708367494,-0.12590777723687097,1.0,0.0,2.0,5.0
0.45186803115405666,0.026507997033122226,-0.587411602806528,-1.3648995037425853,1.0,0.0,2.0,5.0
0.900846880523241,-1.7259048297963455,-0.9274516962173475,0.04095911814188052,1.0,1.0,1.0,1.0
1.606385072389102,0.2942878484669542,-0.4173915561011184,1.5899415709813576,1.0,0.0,0.0,4.0
0.900846880523241,0.27663284540350486,1.2828089109529786,-1.2401333959350107,1.0,0.0,0.0,0.0
-0.061250653839296815,-0.42326467747420193,0.6027287241313397,0.3904642592640074,1.0,1.0,2.0,3.0
-0.31780999633597357,0.5034101686271378,1.4528289576583882,0.9755558149008796,1.0,0.0,4.0,5.0
-0.061250653839296815,-1.5779277618060685,-1.7775519297443958,-1.5284142252300026,0.0,0.0,1.0,3.0
-1.4081872019468498,-0.4071634318993032,1.6228490043637978,-0.4847801870525556,1.0,1.0,2.0,0.0
-0.061250653839296815,0.1232738781686308,-0.07735146269029901,1.5608326249030209,0.0,1.0,4.0,4.0
-0.18953032508763518,1.4787579424667856,1.2828089109529786,0.10782037632355777,0.0,0.0,3.0,3.0
1.0932663873957484,1.4057361600375873,0.9427688175421591,1.5502739007997042,0.0,1.0,3.0,5.0
0.13116885303321074,-0.013116190562753977,0.26268863072052034,-1.0492323575859692,0.0,0.0,1.0,3.0
-1.151627859450173,-1.6991767679789145,0.26268863072052034,-0.9259995605140214,0.0,0.0,1.0,5.0
-1.0233481882018347,-0.4888565082628138,-0.4173915561011184,-0.9864124494000984,1.0,1.0,1.0,0.0
-1.472327037571019,0.9660589574508804,-0.07735146269029901,-1.389680784849686,1.0,0.0,0.0,2.0
1.4139655655165944,1.2335805690541097,0.9427688175421591,-0.4388353943854515,0.0,1.0,3.0,4.0
0.002889181784872371,0.5659352617667446,-0.4173915561011184,1.668247803326978,0.0,1.0,2.0,3.0
1.606385072389102,-0.260979627290026,1.6228490043637978,-0.7802178296142561,1.0,0.0,0.0,0.0
-1.6647465444435265,1.1688409537919457,-1.7775519297443958,-0.846289664230021,1.0,0.0,2.0,4.0
-0.38194983196014276,0.8358808803195311,1.6228490043637978,0.7867721423894498,0.0,0.0,3.0,5.0
-0.7667888457051578,0.07459342653491637,0.43270867742593006,-0.248462630670852,0.0,0.0,4.0,5.0
-0.5743693388326503,-0.8269764606065084,1.2828089109529786,-0.39251197299766616,1.0,0.0,0.0,3.0
1.0291265517715793,1.365725195425454,-1.6075318830389862,0.8985854299005784,0.0,1.0,3.0,3.0
-0.5102295032084811,1.046172399998345,-1.4375118363335764,1.372055697916724,0.0,0.0,1.0,5.0
-0.5102295032084811,-1.715437219029214,0.43270867742593006,-0.12898514764954108,1.0,0.0,3.0,0.0
-0.18953032508763518,-1.5140254778451128,-0.07735146269029901,-0.3526986971995029,1.0,0.0,2.0,0.0
0.5160078667782259,-0.17134879417393387,-0.7574316495119378,1.0098701048058674,1.0,1.0,1.0,0.0
0.5160078667782259,-1.3346802226180305,-0.9274516962173475,-1.4554782519087304,1.0,1.0,1.0,1.0
0.38772819552988746,0.14437047169212325,0.09266858401511067,0.9469026460204372,0.0,0.0,1.0,3.0
1.285685894268256,-1.4770585124440543,-0.7574316495119378,-1.6687194090618707,1.0,0.0,1.0,1.0
-0.8309286813293271,-0.20841661436439038,-0.07735146269029901,-0.8578090755739989,0.0,0.0,3.0,1.0
0.7084273736507334,0.03932027553274554,0.7727487708367494,-1.4117646350707451,1.0,0.0,4.0,4.0
0.13116885303321074,-0.44047142052713123,-1.0974717429227572,1.0493441960279835,0.0,1.0,1.0,5.0
-1.2157676950743421,-0.6709317238176258,0.7727487708367494,0.511415869505793,0.0,0.0,1.0,0.0
1.3498257298924252,1.4913672233806716,1.2828089109529786,0.532872432218463,0.0,0.0,2.0,4.0
-0.8309286813293271,-0.16625142646882046,-0.9274516962173475,0.3413640620615645,0.0,1.0,2.0,4.0
0.3235883599057183,1.3515965181358585,1.6228490043637978,-1.459352968265926,1.0,0.0,3.0,0.0
0.45186803115405666,1.190236515516976,0.43270867742593006,-0.5465388962718883,1.0,0.0,4.0,0.0
0.7725672092749026,0.6352350766109193,1.6228490043637978,-0.08731729856761873,1.0,0.0,2.0,1.0
-1.151627859450173,1.1705613059081101,-1.2674917896281668,-1.4229455543017937,1.0,0.0,4.0,1.0
-0.44608966758431196,0.7541708889985306,-1.6075318830389862,-0.6500324877414986,1.0,0.0,4.0,1.0
1.6705249080132711,-1.4676567024687837,0.6027287241313397,0.8239435863295878,0.0,0.0,3.0,3.0
0.580147702402395,1.5812364816151754,-1.7775519297443958,-1.347407848589964,0.0,0.0,3.0,1.0
-0.7667888457051578,0.5462773616813076,-0.7574316495119378,0.3172575462405143,1.0,1.0,1.0,0.0
1.0291265517715793,1.0171312412702938,1.6228490043637978,0.3313264064632578,1.0,0.0,4.0,4.0
0.38772819552988746,-1.2127767106306944,-0.9274516962173475,-1.567300055406989,1.0,1.0,4.0,3.0
-0.44608966758431196,1.100394531274727,0.6027287241313397,-0.21862891551739247,1.0,0.0,4.0,4.0
1.221546058644087,-1.6361238558100486,-0.4173915561011184,1.0710065288977972,0.0,0.0,0.0,2.0
-1.472327037571019,-0.2217858167098664,1.2828089109529786,1.2829237105597833,0.0,1.0,2.0,5.0
1.4781054011407637,0.46997368289434077,0.6027287241313397,0.8026277787212247,1.0,0.0,1.0,5.0
-0.8309286813293271,1.4630438734921378,-0.7574316495119378,0.4590496104578633,1.0,1.0,0.0,3.0
-0.7026490100809887,1.544730894769301,-1.2674917896281668,-0.437485995291786,0.0,0.0,1.0,0.0
-0.25367016071180437,0.8531461352865741,-0.07735146269029901,-1.5162843432456807,1.0,0.0,2.0,4.0
-0.8950685169534962,-0.8703574688306139,0.7727487708367494,-0.715542323481629,0.0,0.0,1.0,2.0
0.580147702402395,0.43391140467426337,-0.07735146269029901,-0.7405583509120806,0.0,0.0,1.0,4.0
0.900846880523241,1.3420979765849426,0.26268863072052034,0.1414638525149467,0.0,0.0,0.0,3.0
-1.0233481882018347,-0.32165629029585163,1.1127888642475687,1.6611119521267672,1.0,1.0,1.0,0.0
-0.25367016071180437,0.6864430860693568,1.6228490043637978,-0.3528456421016203,1.0,1.0,2.0,4.0
-0.125390489463466,1.2972789971008014,0.7727487708367494,-1.5009610589404707,1.0,0.0,4.0,5.0
1.285685894268256,1.6576578914849172,0.7727487708367494,1.0881390254063674,1.0,0.0,1.0,2.0
1.0932663873957484,1.1181089521866212,-0.24737150939570868,0.37795638331767617,1.0,0.0,1.0,4.0
1.0932663873957484,-0.13663260813481198,-0.9274516962173475,-1.6381832777331946,1.0,1.0,2.0,4.0
-0.125390489463466,-1.57184538527358,-0.07735146269029901,-0.48794462703270874,0.0,1.0,0.0,4.0
-1.472327037571019,-1.5127034897499285,0.9427688175421591,0.45129699935691553,0.0,0.0,2.0,3.0
-1.2157676950743421,1.0038285544645822,-0.07735146269029901,1.2784365807850961,0.0,0.0,2.0,5.0
-1.4081872019468498,-0.3956123152756467,1.4528289576583882,-1.6183067921835659,0.0,1.0,1.0,0.0
-0.25367016071180437,1.3790677593973735,-1.7775519297443958,-1.5622971251152145,0.0,0.0,4.0,3.0
-1.6647465444435265,1.1620486591992127,-0.07735146269029901,0.05856909250957236,1.0,0.0,3.0,0.0
0.9649867161474102,-0.8729196617247755,1.4528289576583882,-0.3008946546535322,1.0,1.0,1.0,2.0
1.6705249080132711,0.5733479443189922,-1.6075318830389862,1.3275948272380846,1.0,1.0,0.0,5.0
-0.5102295032084811,1.1508224906051916,-0.07735146269029901,1.3297027695039954,0.0,0.0,1.0,1.0
-0.38194983196014276,-1.1499460918887732,-0.24737150939570868,1.5835243857507126,1.0,0.0,3.0,4.0
-0.25367016071180437,-1.427702126829678,1.6228490043637978,-1.288429574599903,1.0,0.0,1.0,2.0
1.221546058644087,0.025077919987896987,1.2828089109529786,-1.1502141301555349,0.0,0.0,0.0,1.0
0.7725672092749026,-1.2417663199899802,0.43270867742593006,0.683266169727582,0.0,1.0,4.0,2.0
0.06702901740904156,-0.12884581640301312,-0.4173915561011184,-0.14540869311106405,1.0,0.0,4.0,4.0
-0.44608966758431196,-0.26035285770067174,0.7727487708367494,-1.610852051832304,0.0,0.0,3.0,0.0
0.7084273736507334,-1.465451019048361,0.7727487708367494,0.17983975745263317,0.0,0.0,2.0,5.0
-0.125390489463466,-1.273290590509972,-0.4173915561011184,0.9080970220736626,0.0,1.0,1.0,4.0
1.606385072389102,-0.5671748218120123,0.9427688175421591,1.5333898378573394,1.0,1.0,2.0,3.0
0.900846880523241,-0.5299187472332724,1.1127888642475687,1.5669615514072606,0.0,0.0,4.0,4.0
-0.25367016071180437,-1.3637728189015277,0.9427688175421591,-1.142297415829987,0.0,1.0,4.0,4.0
0.7084273736507334,-1.25984816253635,1.2828089109529786,0.6793462659964983,1.0,1.0,1.0,4.0
-1.6006067088193572,0.9450473276049991,-0.24737150939570868,0.7683595821372775,1.0,0.0,0.0,5.0
0.900846880523241,-0.04698159857590296,0.6027287241313397,-1.079197775753873,1.0,0.0,2.0,4.0
-1.0874880238260038,-0.7419009433076001,-1.2674917896281668,1.1517731304609244,0.0,0.0,1.0,0.0
-0.38194983196014276,-1.2436057420905373,-1.6075318830389862,-1.2242347803955758,0.0,1.0,4.0,0.0
1.0932663873957484,0.1502803361637534,-0.587411602806528,1.5871931163446473,1.0,0.0,1.0,3.0
-0.061250653839296815,0.4845481250107765,1.6228490043637978,-1.4852639092856763,0.0,0.0,1.0,3.0
-0.18953032508763518,0.7479006014462406,-0.9274516962173475,-1.4339680216047774,1.0,1.0,3.0,1.0
-0.125390489463466,-0.2655023614848644,0.7727487708367494,-0.5725959727730898,0.0,0.0,3.0,2.0
-1.6647465444435265,1.7416628155549,-0.07735146269029901,0.474572958373473,1.0,0.0,0.0,5.0
-1.4081872019468498,-1.4632847070366322,-1.6075318830389862,-0.2718245950756962,0.0,1.0,1.0,4.0
1.1574062230199178,0.35048830952876037,-0.24737150939570868,-0.19258241737532816,0.0,0.0,2.0,1.0
-1.0233481882018347,-0.15038894883327555,0.09266858401511067,1.2438197829322881,1.0,1.0,4.0,1.0
-1.2799075306985113,1.1255337267425505,-0.7574316495119378,-0.8438895336827091,1.0,0.0,1.0,4.0
-1.0874880238260038,-0.7044544098710506,0.09266858401511067,-0.7764466033304306,1.0,1.0,2.0,2.0
-1.6006067088193572,0.4302566439822359,0.09266858401511067,0.8925493189719735,1.0,0.0,1.0,1.0
-0.5102295032084811,-0.8893004777256763,-0.7574316495119378,-1.662424885247218,0.0,1.0,3.0,2.0
-0.8309286813293271,1.1752066533639214,0.26268863072052034,0.14491877199635486,0.0,0.0,3.0,2.0
1.0932663873957484,-0.0719432416593271,-1.6075318830389862,0.35641473188286077,0.0,0.0,3.0,4.0
0.8367070448990718,-0.15027795992970824,-0.4173915561011184,0.7268466197476282,1.0,0.0,4.0,2.0
-0.9592083525776655,-0.1991578034037696,-1.0974717429227572,0.47226142835367585,0.0,0.0,0.0,5.0
0.6442875380265642,-0.9223747553498473,-1.4375118363335764,-1.5647830520302692,0.0,1.0,0.0,1.0
0.7084273736507334,-0.0735539840937409,-0.7574316495119378,1.5428759308101656,0.0,1.0,1.0,4.0
0.19530868865737994,-0.7136975941503041,-1.6075318830389862,-1.3086013143988542,1.0,0.0,4.0,4.0
0.580147702402395,1.3653185602061504,-1.2674917896281668,0.7576020000556759,1.0,0.0,2.0,1.0
0.06702901740904156,0.7528790097321512,-1.2674917896281668,-0.40862546131197985,0.0,0.0,3.0,0.0
-0.125390489463466,-1.1534178316513213,0.9427688175421591,0.04358122460579379,0.0,0.0,3.0,5.0
-1.6006067088193572,-1.1225200077297808,-1.7775519297443958,0.28035586613969943,1.0,0.0,4.0,3.0
-1.472327037571019,1.6011041152641166,1.4528289576583882,0.27051628038320885,0.0,1.0,0.0,4.0
1.3498257298924252,-0.7808662188760152,1.6228490043637978,-1.083577852355595,1.0,0.0,4.0,5.0
-1.472327037571019,0.8209149029433568,-0.07735146269029901,0.8584136683027302,1.0,1.0,2.0,0.0
1.606385072389102,1.110164982994871,-1.6075318830389862,-1.5927393614177354,0.0,0.0,2.0,0.0
0.8367070448990718,0.4974615586080421,-1.6075318830389862,-1.6967785577071028,1.0,0.0,1.0,2.0
-1.0233481882018347,-1.7173269923525754,-0.24737150939570868,0.3481424204778171,1.0,0.0,2.0,0.0
1.1574062230199178,-0.6481911715184103,1.6228490043637978,0.7347405576386625,0.0,0.0,3.0,1.0
-1.472327037571019,-0.056486750442910474,-0.24737150939570868,-0.3765217617577537,1.0,0.0,0.0,0.0
-1.536466873195188,0.4024298023680708,-1.6075318830389862,1.0960229382711713,1.0,0.0,1.0,1.0
-0.31780999633597357,-0.7362223880162687,-1.2674917896281668,-0.2718391341664513,0.0,1.0,2.0,2.0
-0.061250653839296815,0.8048001133158506,0.26268863072052034,1.1543035846018184,1.0,0.0,2.0,2.0
-1.4081872019468498,-0.6916383614720659,-0.07735146269029901,0.8349092985550239,0.0,0.0,2.0,2.0
1.285685894268256,0.9835533197176575,1.2828089109529786,0.3402790351530312,1.0,1.0,3.0,4.0
-1.0874880238260038,0.95762590459491,1.4528289576583882,-0.9072383447171068,0.0,0.0,2.0,1.0
-0.5102295032084811,1.3651651716986264,0.7727487708367494,-0.4368735607483244,1.0,0.0,3.0,5.0
0.8367070448990718,-0.7202314246091343,-0.24737150939570868,-0.038355319080164985,1.0,1.0,3.0,3.0
0.45186803115405666,-0.6260385990639207,-1.0974717429227572,-0.9482127206817359,1.0,0.0,0.0,0.0
1.4139655655165944,0.9318586830712892,-0.24737150939570868,0.6760539542514341,0.0,0.0,3.0,5.0
0.7084273736507334,0.4757187164611063,-1.0974717429227572,-0.2448786730180823,1.0,1.0,3.0,4.0
-0.061250653839296815,-1.0377374670835047,-1.6075318830389862,-0.3687454613589691,0.0,0.0,4.0,2.0
-0.18953032508763518,0.6435456108487468,-0.4173915561011184,0.3983984437230502,1.0,0.0,1.0,0.0
0.002889181784872371,-0.23530260414242185,1.4528289576583882,-1.1153406378123458,1.0,1.0,0.0,5.0
1.6705249080132711,1.0402634360653122,-0.9274516962173475,0.007796030922140362,0.0,1.0,3.0,0.0
1.285685894268256,-0.2820007856885916,0.7727487708367494,1.6518707529319054,1.0,1.0,1.0,5.0
0.3235883599057183,0.2589855562012198,-0.7574316495119378,-1.4298346178955583,1.0,1.0,3.0,1.0
-0.6385091744568195,-1.446370140581657,1.4528289576583882,0.4449081305210019,0.0,0.0,3.0,5.0
0.45186803115405666,0.31516823022029955,-1.2674917896281668,0.524499632520194,1.0,1.0,4.0,3.0
1.5422452367649329,-0.2740399835116177,-0.4173915561011184,-1.3446156191367324,0.0,0.0,4.0,4.0
1.606385072389102,1.0927412063431285,0.6027287241313397,-0.2981598893945003,1.0,1.0,1.0,4.0
-1.536466873195188,-0.41829190867105037,-1.0974717429227572,-1.4651492804472381,1.0,0.0,2.0,2.0
-1.536466873195188,-1.6348394266400448,-1.0974717429227572,0.43060376599072164,1.0,0.0,2.0,5.0
0.900846880523241,0.15241532878528727,-0.9274516962173475,0.610986628699722,1.0,0.0,3.0,2.0
1.4139655655165944,-0.677064905242016,-0.07735146269029901,0.0770607149255904,0.0,0.0,0.0,1.0
-1.6647465444435265,-0.44913896069827824,-1.4375118363335764,1.2454546921992762,0.0,0.0,0.0,1.0
0.7084273736507334,1.1378631609889789,0.9427688175421591,1.0063690752931707,1.0,1.0,1.0,1.0
-0.25367016071180437,0.7873821527037848,-0.587411602806528,-0.028667281804582792,0.0,1.0,3.0,5.0
0.13116885303321074,-0.8716148323846419,-0.07735146269029901,0.3006031227419732,1.0,0.0,0.0,5.0
0.8367070448990718,-0.4377479259577745,0.7727487708367494,1.2255752576000323,0.0,0.0,2.0,2.0
-1.4081872019468498,-1.5567845609424038,-0.7574316495119378,-0.804588029632634,1.0,0.0,0.0,2.0
-1.6006067088193572,1.076031750257191,0.43270867742593006,1.0522267706509931,0.0,0.0,3.0,2.0
1.606385072389102,-0.7481671809970102,0.9427688175421591,1.5183723193155487,0.0,1.0,1.0,2.0
1.4781054011407637,-0.29025997512491486,-1.7775519297443958,0.25989384801587884,0.0,0.0,3.0,1.0
1.5422452367649329,0.515532076035612,-0.587411602806528,-1.1798242218141701,1.0,1.0,0.0,1.0
-0.44608966758431196,0.5542923592154412,-1.6075318830389862,-0.23492766887209007,0.0,0.0,4.0,4.0
-0.9592083525776655,1.467537263477503,0.09266858401511067,0.23370768818137885,0.0,0.0,0.0,4.0
-1.3440473663226806,-0.23322183838573265,0.09266858401511067,0.0014884648320417407,1.0,0.0,3.0,1.0
-1.6006067088193572,1.734660950934963,-0.9274516962173475,-1.035947771790998,0.0,0.0,3.0,4.0
-0.25367016071180437,-0.2197480450280519,-0.7574316495119378,1.3607185686671286,1.0,0.0,1.0,4.0
0.7725672092749026,-0.43620730981907097,0.26268863072052034,-0.9529843336737931,0.0,0.0,4.0,5.0
0.002889181784872371,0.16316016518707277,0.7727487708367494,0.9184460342277107,1.0,0.0,0.0,5.0
1.0932663873957484,0.8030945447759538,0.6027287241313397,-0.990078044274758,1.0,0.0,0.0,4.0
0.7725672092749026,-1.6028950285046835,-0.587411602806528,-0.5205451768502534,0.0,0.0,2.0,4.0
1.606385072389102,-1.2177694947908797,-0.7574316495119378,1.0706505524990786,1.0,1.0,1.0,0.0
0.6442875380265642,-0.48853717243344674,-1.2674917896281668,0.5473098344390839,1.0,0.0,4.0,0.0
0.6442875380265642,1.4972834573172609,1.1127888642475687,0.1281395469430805,0.0,0.0,3.0,1.0
1.6705249080132711,-0.19874763339219534,-0.587411602806528,-0.30507479037307506,1.0,0.0,3.0,5.0
0.38772819552988746,1.6104699249454952,-0.07735146269029901,0.3473919697254028,0.0,1.0,4.0,5.0
1.285685894268256,1.3001852649089174,0.43270867742593006,-0.08984288283582895,1.0,0.0,1.0,3.0
-1.0233481882018347,0.1703950892148497,1.6228490043637978,1.0087452615247496,1.0,1.0,2.0,3.0
-1.6006067088193572,-1.0187306482816492,0.26268863072052034,0.040890933952949085,1.0,0.0,0.0,3.0
1.5422452367649329,1.6777465541318222,0.09266858401511067,0.23199469967096045,0.0,0.0,4.0,2.0
-0.6385091744568195,-0.4396665528658364,1.6228490043637978,0.9354735352540237,1.0,1.0,2.0,1.0
0.38772819552988746,-1.0748642116735097,1.1127888642475687,-0.6412329790832534,1.0,0.0,1.0,5.0
0.38772819552988746,1.4270800971800817,-0.07735146269029901,1.0335585395585496,1.0,0.0,3.0,4.0
-0.8309286813293271,0.8357143706910675,-1.4375118363335764,0.2746804113241004,1.0,0.0,1.0,1.0
0.3235883599057183,-0.27763048505597004,0.43270867742593006,1.494533015408718,1.0,1.0,1.0,5.0
0.8367070448990718,1.2674934073351756,1.4528289576583882,0.020230708223754803,1.0,1.0,1.0,0.0
-0.7026490100809887,1.4624785748485638,0.26268863072052034,1.4336813181567192,1.0,1.0,2.0,0.0
0.900846880523241,0.5097530237306004,-0.07735146269029901,-0.6398160363592631,1.0,1.0,3.0,4.0
1.606385072389102,-1.4071891889071264,0.6027287241313397,-1.280087176090055,0.0,0.0,1.0,1.0
1.4139655655165944,-1.1944927687062235,-1.0974717429227572,1.2737290791677371,1.0,0.0,1.0,1.0
1.221546058644087,-0.2919540422465752,-0.587411602806528,-1.573454871302601,0.0,1.0,3.0,3.0
-0.31780999633597357,-1.3883904403014105,1.2828089109529786,-1.775849418940418,1.0,0.0,2.0,1.0
1.221546058644087,-0.21907803223952238,1.1127888642475687,1.7020963691881654,0.0,0.0,0.0,1.0
-0.8309286813293271,1.5786937841536584,-0.24737150939570868,-1.526798429144619,1.0,0.0,1.0,4.0
1.606385072389102,1.142158433674585,0.26268863072052034,-0.2006088721963219,1.0,0.0,1.0,4.0
1.0932663873957484,0.89951555600093,1.6228490043637978,-0.0863510769658804,0.0,0.0,3.0,4.0
0.6442875380265642,-1.5092682261711843,0.6027287241313397,0.45573252562360217,1.0,1.0,3.0,4.0
-0.5743693388326503,0.3500285488571013,-1.6075318830389862,0.41510418909884467,0.0,1.0,2.0,2.0
0.9649867161474102,1.452091515590081,0.43270867742593006,-0.5851918765851187,0.0,1.0,3.0,1.0
-0.5102295032084811,-0.858000992693837,0.7727487708367494,-0.7566295070058554,1.0,1.0,3.0,5.0
1.6705249080132711,0.6564489907634058,1.6228490043637978,0.1604377905412461,1.0,1.0,4.0,3.0
0.06702901740904156,0.9613470284313548,0.26268863072052034,-0.77707101890451,1.0,1.0,1.0,5.0
0.13116885303321074,-1.3780355038974277,-0.4173915561011184,1.2001289433486448,0.0,1.0,3.0,2.0
1.1574062230199178,-0.22783944311473364,0.26268863072052034,-1.205308986301774,0.0,0.0,3.0,4.0
-0.9592083525776655,-0.5395708312838189,-0.7574316495119378,1.3748607577132064,0.0,0.0,3.0,1.0
0.38772819552988746,-1.0180309914639214,0.43270867742593006,-1.2952410853158445,0.0,0.0,1.0,2.0
0.002889181784872371,0.037476893182251544,0.9427688175421591,-0.12064339060703748,0.0,0.0,4.0,3.0
0.06702901740904156,-1.7251692993189929,0.9427688175421591,0.04116879363180171,1.0,0.0,0.0,1.0
-1.6647465444435265,0.7270621546836661,-0.9274516962173475,0.0016867930484662295,1.0,1.0,2.0,3.0
1.3498257298924252,1.057151723347302,0.6027287241313397,1.7062954330443065,0.0,0.0,3.0,5.0
-1.151627859450173,-0.23625650290195524,-1.4375118363335764,-0.8395143099151552,0.0,1.0,0.0,2.0
0.25944852428154913,1.1856810955455013,-1.0974717429227572,1.3533525743833703,0.0,0.0,4.0,2.0
0.25944852428154913,-1.3190367797385187,-0.07735146269029901,1.3105241244496946,0.0,0.0,1.0,3.0
-0.7667888457051578,0.11379023466665712,1.2828089109529786,0.04359387059504573,0.0,1.0,1.0,1.0
-0.125390489463466,-0.43010677690784394,0.26268863072052034,-0.45212786272511013,1.0,1.0,3.0,5.0
-0.061250653839296815,-1.1071576336236932,0.43270867742593006,-1.6794775469795102,1.0,0.0,3.0,5.0
-0.38194983196014276,1.2060805659915321,0.6027287241313397,0.6262216429200698,1.0,0.0,1.0,4.0
-1.6647465444435265,-0.6336203396646863,-1.7775519297443958,0.941830989119356,1.0,0.0,2.0,1.0
-0.44608966758431196,-0.37598579035879726,1.6228490043637978,-0.2320101213910001,0.0,1.0,0.0,4.0
0.3235883599057183,0.332625481951096,-1.7775519297443958,1.25199668879988,0.0,0.0,4.0,1.0
-0.44608966758431196,-1.086030147844277,0.6027287241313397,0.7686544331356134,0.0,0.0,2.0,3.0
-1.2157676950743421,-1.5010290163121351,0.26268863072052034,1.2831335387348684,1.0,1.0,2.0,1.0
-0.9592083525776655,-0.7098518996367342,0.9427688175421591,1.7240992366899437,1.0,1.0,2.0,3.0
-1.0874880238260038,-0.5199282988492111,1.4528289576583882,1.5297718349069998,0.0,1.0,2.0,5.0
-0.8950685169534962,0.6244283741204225,-1.7775519297443958,1.6987539631650577,0.0,1.0,0.0,4.0
-1.4081872019468498,0.7396280038826594,0.43270867742593006,1.3838280565367158,0.0,1.0,1.0,1.0
0.002889181784872371,-1.285889098104632,0.09266858401511067,-0.3444359286733591,0.0,0.0,0.0,1.0
0.8367070448990718,-0.5774231284135175,-1.2674917896281668,-0.7761779024982437,1.0,0.0,3.0,3.0
0.7084273736507334,-0.7480849619150635,0.7727487708367494,1.4269810935338758,0.0,0.0,0.0,4.0
-1.6006067088193572,0.6099806063503873,-0.587411602806528,-0.16287648852901024,1.0,1.0,1.0,4.0
1.4139655655165944,-0.9686864188736384,-0.07735146269029901,-1.7289302718636121,1.0,0.0,1.0,3.0
-1.0233481882018347,1.5767387329212117,-1.7775519297443958,-0.32217986862827613,0.0,0.0,4.0,3.0
-0.125390489463466,0.7234310735294027,0.6027287241313397,0.3450101081651124,1.0,1.0,0.0,0.0
0.3235883599057183,-0.788742139086764,0.09266858401511067,-0.9113161183561325,0.0,1.0,0.0,2.0
-0.44608966758431196,1.0122081983973619,-0.9274516962173475,-0.574331990607526,0.0,0.0,3.0,5.0
-1.0233481882018347,0.9092250434461623,1.4528289576583882,1.4971236314705934,1.0,0.0,3.0,5.0
-1.3440473663226806,0.33200905134635894,0.43270867742593006,-0.3825414840460118,0.0,1.0,4.0,3.0
0.38772819552988746,0.8344582510330395,-0.07735146269029901,1.356490694586041,0.0,0.0,4.0,4.0
1.4781054011407637,-1.1921152985576757,0.9427688175421591,1.199840659262405,0.0,0.0,4.0,5.0
-1.151627859450173,0.6767402811702681,-1.0974717429227572,0.2256031533957563,0.0,0.0,0.0,2.0
-0.9592083525776655,0.19998543840967892,0.26268863072052034,-1.6219150433038307,0.0,0.0,4.0,5.0
-0.25367016071180437,-0.6992552050214766,-0.4173915561011184,-0.5532526489920396,1.0,1.0,4.0,0.0
0.25944852428154913,-1.2346670612043111,-1.2674917896281668,-1.5649075606062248,0.0,0.0,4.0,0.0
-1.472327037571019,1.0279563710789543,0.09266858401511067,-1.6378879421099612,1.0,0.0,3.0,1.0
-0.8950685169534962,1.266367993927533,1.4528289576583882,-0.6967976094344761,1.0,1.0,3.0,4.0
0.002889181784872371,0.6588560254912329,-1.6075318830389862,0.8377734210481778,1.0,1.0,1.0,1.0
-0.25367016071180437,-0.7309955899482029,-0.587411602806528,-1.1175976700500418,1.0,0.0,4.0,0.0
-0.8950685169534962,-0.3582681128362966,-1.4375118363335764,-0.08690946443795305,1.0,0.0,4.0,3.0
1.5422452367649329,1.3826273008827166,-0.7574316495119378,-1.6681747358631802,0.0,0.0,2.0,0.0
-1.6006067088193572,0.5878390134924292,1.4528289576583882,-1.7702682432709969,0.0,1.0,4.0,5.0
1.4139655655165944,1.5100480767891802,-1.7775519297443958,-1.7763380421843074,1.0,0.0,1.0,3.0
-0.6385091744568195,0.46508940598917586,0.9427688175421591,0.601767459975218,1.0,1.0,4.0,5.0
-0.6385091744568195,-1.0537112025943052,0.09266858401511067,0.4330320225092422,0.0,0.0,3.0,1.0
0.38772819552988746,-1.4041749776808055,0.9427688175421591,0.08556181546566441,0.0,1.0,2.0,3.0
-0.25367016071180437,-0.6306179224801297,0.09266858401511067,-1.65781087456129,1.0,0.0,1.0,3.0
1.0932663873957484,-0.34405359925445844,0.09266858401511067,-1.4436004008404484,0.0,0.0,2.0,5.0
-0.38194983196014276,1.4370667805962676,-0.587411602806528,0.6135376930762335,1.0,1.0,3.0,0.0
-1.6006067088193572,0.966983069972874,1.6228490043637978,-0.8242437381675836,0.0,0.0,4.0,0.0
-0.061250653839296815,0.9390050795833071,-0.07735146269029901,0.037053472375673885,1.0,0.0,1.0,5.0
-0.125390489463466,-0.9624817167887538,0.43270867742593006,1.3113317481250029,0.0,0.0,4.0,0.0
1.5422452367649329,-0.5743226167202495,1.6228490043637978,1.4685128194166748,0.0,1.0,2.0,4.0
-1.2157676950743421,1.4636954653419065,-1.6075318830389862,-1.7453595956563173,0.0,0.0,0.0,2.0
-1.6647465444435265,0.313024391327493,-0.7574316495119378,0.4707419870936515,0.0,0.0,4.0,4.0
1.0932663873957484,0.9698892905826517,0.7727487708367494,-1.3215400491907283,0.0,0.0,2.0,4.0
0.6442875380265642,-1.4448178233494438,1.2828089109529786,-0.1777334656600913,1.0,1.0,1.0,2.0
-0.061250653839296815,0.9136927051724727,-1.2674917896281668,-1.3458785458701612,0.0,1.0,1.0,0.0
-0.38194983196014276,0.2641341017428221,1.4528289576583882,0.7677142720612344,1.0,0.0,1.0,0.0
-1.6647465444435265,-1.1223711138597352,0.26268863072052034,1.4949541519334653,0.0,0.0,0.0,0.0
-0.6385091744568195,-1.2651546492463062,-1.2674917896281668,-1.2097241163678936,0.0,0.0,1.0,5.0
-1.536466873195188,-0.6790907822647698,1.2828089109529786,-1.452795614892321,1.0,0.0,1.0,4.0
1.285685894268256,-1.412751081498682,1.1127888642475687,-0.4903594078325075,1.0,1.0,0.0,1.0
0.38772819552988746,-0.2756379784621172,0.43270867742593006,1.2545531867565478,0.0,0.0,1.0,2.0
-0.5102295032084811,0.7833519857236368,-0.07735146269029901,0.08718010129901521,1.0,1.0,0.0,5.0
-1.472327037571019,-1.0258518131112266,-1.7775519297443958,0.2407025838133958,0.0,0.0,0.0,2.0
0.06702901740904156,1.2278494252261583,1.1127888642475687,-1.431533060827353,0.0,1.0,1.0,2.0
-1.6647465444435265,-1.4883992574755163,1.1127888642475687,0.2787300923738051,0.0,0.0,1.0,3.0
-0.5743693388326503,1.2798844323433527,-1.0974717429227572,1.6959689674279828,1.0,0.0,3.0,3.0
0.9649867161474102,0.21623035976431038,-1.2674917896281668,-1.7817996670037395,0.0,0.0,2.0,5.0
1.606385072389102,0.3796141101488263,-1.0974717429227572,-1.710117428289701,1.0,0.0,0.0,5.0
0.6442875380265642,-1.593371608964711,1.6228490043637978,1.5668202676148424,1.0,0.0,2.0,3.0
0.25944852428154913,0.7364213705116017,-1.4375118363335764,0.8394027443216249,1.0,1.0,0.0,0.0
0.3235883599057183,-0.03463204340925814,0.7727487708367494,0.38386382503347005,0.0,0.0,3.0,0.0
-1.151627859450173,0.6867357267701831,-0.24737150939570868,0.7272508469923508,1.0,0.0,0.0,2.0
-1.6647465444435265,0.38316307622533347,-0.07735146269029901,-0.8763011301476721,0.0,0.0,1.0,3.0
-1.6006067088193572,1.7359217906986892,1.4528289576583882,-0.549210189424797,0.0,0.0,2.0,2.0
0.38772819552988746,-1.2083215354089656,-0.7574316495119378,-1.020071334221446,1.0,0.0,0.0,2.0
0.6442875380265642,0.33380580216366035,0.09266858401511067,0.07407297785189267,0.0,1.0,2.0,1.0
1.0291265517715793,1.2484433763186336,0.26268863072052034,0.32974130325370554,1.0,1.0,1.0,3.0
-0.18953032508763518,-1.5338065587218885,0.7727487708367494,0.4911866978270009,1.0,1.0,4.0,4.0
0.8367070448990718,1.4330902101251424,0.7727487708367494,-0.13030780551496576,0.0,1.0,1.0,0.0
-0.6385091744568195,1.663985735066155,-1.4375118363335764,-1.1622194011734597,1.0,0.0,3.0,4.0
-1.2157676950743421,-0.137692996563272,-1.6075318830389862,-1.5836770252524524,0.0,0.0,4.0,2.0
-1.6006067088193572,0.4117987802375202,0.09266858401511067,1.417991594790796,1.0,1.0,0.0,0.0
-0.44608966758431196,1.0079374020932768,1.1127888642475687,-1.2447806867096374,0.0,1.0,3.0,5.0
0.38772819552988746,0.7810179966590035,0.7727487708367494,0.11626158921922802,0.0,0.0,0.0,5.0
-1.6006067088193572,0.8630664621944406,1.1127888642475687,-1.4894078573242642,0.0,0.0,3.0,5.0
1.0932663873957484,-0.6887164591846089,0.26268863072052034,0.3996852078800812,0.0,1.0,2.0,1.0
0.13116885303321074,0.05188321861633278,-0.587411602806528,1.6553720719657183,0.0,1.0,1.0,3.0
-1.3440473663226806,1.2036201475388768,0.6027287241313397,0.48385435652672715,0.0,0.0,3.0,4.0
-0.8950685169534962,-0.5370688308051914,0.26268863072052034,0.5776969911083513,1.0,0.0,1.0,2.0
1.1574062230199178,-1.5952134640821203,0.43270867742593006,-0.26164895239955666,0.0,0.0,3.0,3.0
-0.5743693388326503,0.5177855879269654,-1.6075318830389862,-0.877397304808549,1.0,1.0,3.0,5.0
0.06702901740904156,-0.12947612484675577,-1.2674917896281668,-0.8157991714767722,1.0,0.0,1.0,1.0
1.285685894268256,-0.6654556403231153,0.26268863072052034,-0.6124613045257828,1.0,0.0,0.0,0.0
-0.5743693388326503,1.3285931332114382,-0.7574316495119378,-1.6537844984557837,1.0,1.0,0.0,4.0
0.7725672092749026,0.29506661820292845,-0.587411602806528,0.016839594249928414,1.0,0.0,0.0,2.0
-0.9592083525776655,-0.1914293008993245,-0.07735146269029901,1.488747506510664,0.0,0.0,1.0,3.0
1.6705249080132711,0.041169097107583555,0.43270867742593006,1.5059053391656334,1.0,0.0,0.0,2.0
1.1574062230199178,-0.1326463525174099,-1.7775519297443958,0.015347927981563581,0.0,1.0,1.0,2.0
-1.536466873195188,1.5654679610773652,0.6027287241313397,0.5205199529611405,0.0,0.0,4.0,4.0
-1.151627859450173,0.6140278882782412,-1.6075318830389862,-0.9884749768447374,1.0,0.0,2.0,0.0
-0.25367016071180437,-0.3513899523583338,-0.07735146269029901,0.09543134290079723,0.0,0.0,3.0,3.0
-0.7026490100809887,1.2003585901312328,0.9427688175421591,-0.8038825926093618,1.0,0.0,0.0,5.0
0.3235883599057183,-0.730814494746318,-0.9274516962173475,-1.7674672348586637,0.0,0.0,3.0,4.0
1.285685894268256,1.272825356525917,0.43270867742593006,0.2561051262565911,1.0,0.0,3.0,1.0
0.3235883599057183,-1.354896715837823,-0.24737150939570868,-1.4688488108496565,0.0,0.0,3.0,2.0
-1.2799075306985113,-1.0340273105076163,0.09266858401511067,0.6736352645185043,1.0,0.0,1.0,1.0
-1.6647465444435265,-0.6677142868673466,0.6027287241313397,0.7925608600277345,0.0,1.0,0.0,1.0
0.06702901740904156,1.7260147641333319,-0.587411602806528,1.722299434265519,0.0,0.0,3.0,1.0
-0.8309286813293271,0.48280581888927826,-0.9274516962173475,0.200977812588185,0.0,0.0,3.0,3.0
1.4781054011407637,0.34809125054327283,0.09266858401511067,1.2708622707717483,1.0,0.0,2.0,5.0
